nquest,varred,varreda,varredb,aspred
173,2,,,1
375,2,,,2
633,2,,,2
923,4,,,2
1367,2,,,2
1763,2,,,1
1946,2,,,1
2886,2,,,1
3717,3,,5000,1
5416,2,,,1
7886,2,,,2
11972,2,,,1
20297,2,,,1
20711,2,,,1
20837,2,,,1
22099,2,,,2
22169,3,,500,1
22173,2,,,2
22208,2,,,1
22276,2,,,3
22286,2,,,2
22624,2,,,4
22657,2,,,2
22996,2,,,1
23370,2,,,1
23490,2,,,1
23797,2,,,2
23821,2,,,2
23823,2,,,2
24147,2,,,2
24149,2,,,1
24194,2,,,1
24382,3,,500,3
24616,2,,,1
24760,4,,,4
24764,3,,200,1
24809,2,,,2
24853,2,,,2
25007,2,,,2
26349,2,,,2
27109,2,,,1
27114,2,,,1
27116,3,,1000,1
27157,2,,,1
27238,2,,,2
27509,2,,,3
27730,2,,,2
27734,2,,,1
27739,2,,,1
27742,2,,,2
27912,2,,,1
27923,2,,,2
27947,4,,,4
28362,2,,,2
28441,2,,,2
28802,2,,,1
28859,2,,,2
28992,2,,,1
29140,2,,,2
29678,2,,,1
29680,2,,,2
29737,2,,,2
29742,2,,,2
29798,2,,,1
29823,3,,8000,1
31093,2,,,3
31220,3,,200,2
31221,2,,,2
31246,2,,,1
31625,2,,,1
31652,2,,,1
31665,2,,,2
31671,2,,,1
31695,2,,,1
31724,2,,,1
31757,2,,,1
31799,2,,,1
31860,2,,,3
32034,2,,,2
32044,2,,,1
32052,2,,,2
32057,2,,,2
32190,2,,,1
32318,2,,,4
32320,2,,,2
32471,2,,,2
32524,2,,,2
32556,2,,,1
32668,2,,,1
32703,2,,,2
32709,2,,,1
32729,2,,,2
32734,2,,,2
32751,2,,,1
32765,2,,,1
32772,2,,,1
32810,4,,,4
32822,2,,,4
32839,2,,,2
32861,2,,,1
32887,2,,,1
33036,2,,,4
33038,2,,,2
33275,2,,,1
33303,2,,,1
33335,2,,,2
33336,3,,10000,2
33348,2,,,1
33451,2,,,3
33455,2,,,2
33479,2,,,2
33644,2,,,2
33823,2,,,4
33839,2,,,2
33877,2,,,2
33882,2,,,2
33937,3,,60,2
33985,3,,30000,2
33994,2,,,1
34059,2,,,1
34252,2,,,2
34732,2,,,1
34778,2,,,2
34825,2,,,1
34900,2,,,4
35005,2,,,2
35022,2,,,1
35032,2,,,2
35234,2,,,1
35319,2,,,2
35322,3,,100,3
35323,3,,100,2
35326,2,,,2
35340,2,,,4
35349,2,,,4
35355,2,,,2
35370,2,,,2
35372,2,,,2
35374,2,,,2
35379,2,,,1
35502,3,,10000,1
35507,2,,,2
35508,2,,,1
35518,2,,,2
35600,3,,3000,1
35640,2,,,2
35682,2,,,2
35788,2,,,1
35968,2,,,1
36067,2,,,2
36130,2,,,2
36164,2,,,4
36186,3,,3000,1
36250,2,,,1
36321,2,,,2
36333,3,,8000,1
36378,2,,,2
36403,2,,,1
36409,2,,,3
36443,2,,,2
36450,2,,,2
36522,2,,,1
36524,2,,,3
36697,2,,,2
36893,2,,,1
37001,2,,,1
37011,2,,,2
37299,3,,400,1
37459,2,,,3
37521,2,,,1
37665,2,,,2
37677,5,,,1
37810,2,,,2
38014,2,,,1
38095,2,,,2
38106,2,,,1
38135,1,1700,,1
38272,2,,,1
38316,2,,,2
38349,2,,,2
38554,2,,,2
38877,2,,,2
38885,2,,,1
38939,2,,,1
38940,2,,,2
38957,2,,,2
38979,2,,,1
38992,2,,,2
39056,3,,3000,1
39086,2,,,2
39095,2,,,1
39218,2,,,2
39227,2,,,1
39284,2,,,2
39317,2,,,3
39318,2,,,3
39351,2,,,3
39488,2,,,2
39491,2,,,1
39697,2,,,2
50052,2,,,2
50060,2,,,1
50085,2,,,2
50231,2,,,2
50232,2,,,2
51013,2,,,2
51363,2,,,1
51444,2,,,1
51467,2,,,2
51544,2,,,1
51733,4,,,4
51895,2,,,1
52700,2,,,2
52718,2,,,1
52736,2,,,2
53008,2,,,2
53028,4,,,4
53086,3,,500,1
53109,2,,,1
53202,2,,,2
53234,2,,,2
53373,3,,7000,2
53380,3,,1000,2
53520,1,11000,,2
53549,2,,,1
53552,2,,,2
53564,2,,,1
53596,2,,,2
53871,2,,,2
53997,2,,,1
54143,2,,,2
55147,2,,,2
55308,4,,,4
55425,1,3000,,1
55430,2,,,1
55636,2,,,1
55774,2,,,1
56251,2,,,2
56465,2,,,2
56563,2,,,1
56582,3,,5000,1
56603,2,,,1
56624,2,,,2
56658,2,,,2
56677,2,,,1
56721,2,,,1
56761,2,,,2
56762,2,,,2
57027,4,,,3
57042,2,,,1
57138,2,,,1
57546,2,,,2
57547,2,,,2
57621,2,,,3
57670,3,,500,1
57779,2,,,2
57962,3,,8000,1
58366,2,,,2
60078,2,,,4
91067,3,,3000,2
91071,2,,,2
91074,2,,,2
91079,3,,20000,1
91081,2,,,1
91095,2,,,3
111052,2,,,2
138399,2,,,1
145007,2,,,2
178001,2,,,1
193016,2,,,4
213440,2,,,1
224048,2,,,1
230029,3,,700,1
230037,3,,500,1
237003,2,,,1
243067,2,,,2
244013,2,,,2
244058,2,,,2
250005,2,,,3
250010,2,,,4
250039,2,,,1
256015,3,,6000,2
279054,2,,,1
282083,3,,300,3
282089,2,,,2
284086,2,,,2
310002,2,,,2
310005,3,,4500,2
321009,2,,,2
330057,2,,,1
332080,2,,,1
333081,2,,,1
355063,2,,,2
365034,2,,,1
387029,2,,,1
389084,2,,,1
500001,2,,,2
500004,3,,500,2
500026,2,,,1
500090,2,,,1
500176,3,,5000,2
500669,2,,,2
500674,2,,,2
500726,2,,,2
501068,4,,,1
501082,2,,,1
501627,2,,,2
501694,2,,,1
501816,2,,,1
501874,2,,,1
502060,2,,,2
502355,2,,,1
502364,2,,,2
502772,2,,,1
503560,2,,,1
503561,2,,,2
503593,2,,,2
503674,2,,,1
503788,2,,,2
503931,2,,,1
503950,1,5000,,1
503981,2,,,2
504091,2,,,1
504157,2,,,2
504363,2,,,4
504380,2,,,2
504395,2,,,2
504453,2,,,1
504551,2,,,1
504584,3,,4000,1
504730,2,,,1
504792,2,,,1
504821,2,,,2
504885,2,,,1
504889,2,,,1
504921,2,,,1
504937,3,,2500,1
505022,3,,500,1
505167,2,,,2
505228,2,,,2
505243,2,,,2
505390,2,,,2
505407,2,,,1
505424,2,,,1
505517,2,,,1
505525,2,,,2
505534,2,,,4
505540,4,,,1
505576,4,,,1
505594,2,,,2
505606,2,,,1
505655,2,,,2
505672,2,,,2
505681,2,,,2
505768,2,,,1
505771,2,,,2
505806,3,,6000,4
505810,3,,30000,2
505818,2,,,1
505839,3,,2500,1
506025,2,,,1
506100,2,,,1
506107,2,,,1
506112,2,,,1
506152,2,,,1
506195,2,,,1
506385,2,,,2
506396,1,5000,,2
506402,2,,,1
506410,2,,,2
506413,2,,,3
506418,2,,,2
506446,2,,,1
506458,2,,,1
506492,2,,,2
506565,2,,,1
506613,3,,1000,1
506628,2,,,2
506736,2,,,1
506738,3,,800,1
506758,2,,,2
506767,2,,,2
506798,2,,,2
506799,2,,,2
507037,2,,,2
507157,2,,,1
507182,2,,,1
507282,2,,,4
507303,2,,,2
507316,2,,,2
507319,4,,,2
507329,2,,,2
507336,2,,,2
507360,2,,,2
507419,2,,,2
507444,3,,2000,1
507541,3,,5000,1
507542,3,,10000,1
507544,2,,,1
507552,2,,,1
507557,2,,,3
507640,2,,,2
507644,2,,,2
507728,2,,,2
507823,2,,,2
507863,2,,,2
507905,2,,,2
507908,2,,,2
507913,2,,,1
507924,2,,,2
508305,2,,,2
508861,2,,,1
509054,2,,,1
509057,2,,,2
509064,2,,,1
509068,2,,,2
509071,2,,,2
509123,2,,,3
509366,2,,,1
509550,2,,,3
509601,2,,,3
509689,2,,,1
509717,2,,,1
509806,2,,,1
509869,2,,,1
509889,2,,,4
510109,3,,300,2
510181,2,,,1
510239,2,,,2
510244,2,,,2
510245,2,,,2
510329,3,,12000,4
510345,2,,,2
510374,2,,,1
510432,4,,,1
510433,2,,,1
510634,2,,,1
510984,2,,,1
511074,2,,,2
511116,2,,,1
511130,4,,,4
511136,4,,,4
511160,2,,,1
511260,3,,200,1
511307,2,,,2
511315,3,,200,2
511342,2,,,2
511352,2,,,2
511354,2,,,2
511355,2,,,2
511365,2,,,2
511367,2,,,2
511416,2,,,4
511419,2,,,2
511424,2,,,4
511431,2,,,1
511435,2,,,1
511438,2,,,2
511474,3,,2500,2
511491,3,,200,2
511494,3,,1500,4
511495,2,,,2
511500,2,,,2
511501,2,,,2
511519,2,,,1
511525,2,,,2
511629,2,,,2
511757,2,,,2
512211,2,,,1
512368,2,,,1
512372,3,,2000,1
512417,2,,,1
512452,2,,,1
512457,2,,,1
512517,2,,,2
512574,2,,,2
512704,2,,,1
512768,3,,300,3
512784,2,,,1
512807,2,,,1
512843,3,,400,3
512845,2,,,2
512849,2,,,2
512858,2,,,2
512884,2,,,2
512887,2,,,2
512892,2,,,2
512897,2,,,2
512921,2,,,3
512941,2,,,2
512963,2,,,1
513045,2,,,1
513064,2,,,1
513131,3,,500,1
513330,2,,,1
513335,3,,500,1
513369,5,,,5
513377,2,,,2
513384,2,,,1
513406,2,,,1
513411,2,,,1
513428,2,,,1
513437,2,,,1
610980,2,,,2
611412,2,,,2
611441,2,,,2
611453,2,,,1
611512,2,,,1
611614,2,,,2
611774,2,,,2
612011,2,,,4
612269,2,,,2
612423,2,,,2
613605,2,,,2
613825,2,,,1
614068,2,,,4
614094,2,,,1
614660,2,,,1
614683,3,,10000,2
614783,2,,,3
615399,2,,,1
615751,2,,,2
616016,2,,,2
616313,2,,,1
617023,2,,,1
617231,3,,5000,1
617398,2,,,2
617902,3,,20000,1
618755,2,,,1
619457,2,,,2
620481,2,,,1
620503,2,,,1
620805,2,,,1
620829,2,,,1
620858,2,,,1
621762,2,,,2
621766,2,,,2
621773,2,,,2
622034,2,,,2
622228,2,,,2
622306,3,,1200,3
622707,2,,,2
622717,2,,,2
622915,2,,,3
623281,3,,500,2
623300,3,,5000,1
623305,3,,7000,1
623606,2,,,2
623614,2,,,1
623619,2,,,2
624781,2,,,2
625193,2,,,2
625513,3,,500,2
625536,2,,,2
625641,2,,,2
625694,2,,,2
625983,2,,,1
626189,2,,,1
626240,2,,,1
626259,2,,,1
626310,2,,,2
626312,4,,,4
626361,2,,,2
626641,4,,,4
626680,2,,,1
626851,2,,,2
626868,2,,,3
627067,2,,,2
627314,2,,,2
627479,2,,,2
628418,1,10000,,1
629458,2,,,2
629478,2,,,2
629488,2,,,2
629828,2,,,2
629984,3,,6000,1
630345,3,,3000,1
630650,2,,,2
630858,2,,,1
631016,2,,,1
631306,2,,,1
631431,2,,,2
631712,3,,15000,1
631954,2,,,2
632099,2,,,1
632118,2,,,4
633412,2,,,1
633458,2,,,2
633654,2,,,1
633941,2,,,1
634144,2,,,1
634442,2,,,1
634732,2,,,1
635007,2,,,2
635112,3,,4000,2
635346,3,,12000,2
635513,2,,,3
635514,2,,,2
636206,2,,,2
636237,2,,,2
636289,2,,,1
636305,2,,,1
636401,3,,500,1
636407,3,,1000,1
636418,3,,1000,1
637242,2,,,2
637619,2,,,2
637701,2,,,2
637711,3,,1000,1
637869,2,,,2
638250,3,,500,1
638339,1,40000,,2
638360,2,,,1
638395,2,,,2
639013,2,,,1
639331,2,,,2
639502,2,,,2
639575,3,,2500,1
639924,2,,,1
639971,2,,,1
640164,2,,,2
640212,2,,,2
640790,2,,,1
640821,2,,,2
640837,2,,,1
640864,2,,,1
640954,2,,,1
641084,2,,,2
641624,2,,,1
641628,2,,,1
648534,2,,,1
648636,2,,,2
648863,2,,,1
649032,2,,,2
649054,2,,,1
649071,2,,,1
649089,2,,,2
649391,3,,200,3
650027,2,,,1
650048,4,,,4
650079,2,,,1
650091,2,,,2
670338,2,,,2
670362,2,,,1
670485,2,,,1
670652,2,,,1
670670,2,,,2
670698,2,,,1
670711,2,,,2
670762,2,,,4
670853,2,,,2
670857,2,,,2
671105,2,,,1
671136,2,,,2
671149,2,,,1
671152,2,,,3
671153,2,,,2
671200,2,,,1
671206,2,,,1
671296,2,,,1
671300,3,,8000,1
671362,2,,,2
671480,2,,,2
671520,2,,,2
671582,2,,,1
671698,2,,,2
671733,2,,,2
671739,2,,,2
671838,3,,200,1
671841,2,,,2
671893,3,,2500,1
671904,2,,,1
671909,2,,,1
672063,4,,,5
672065,2,,,1
672142,2,,,1
672351,2,,,2
672417,2,,,1
672430,2,,,2
672486,2,,,4
672541,2,,,1
672580,2,,,1
672620,3,,10000,1
672679,2,,,2
672854,4,,,4
672985,2,,,2
673050,2,,,2
673051,2,,,2
673145,2,,,1
673378,3,,7000,3
673419,4,,,4
673421,2,,,5
673423,4,,,4
673424,5,,,5
673451,2,,,2
673452,2,,,2
673454,2,,,2
673467,2,,,1
673540,2,,,2
673570,2,,,2
673661,2,,,1
673748,2,,,1
673816,2,,,1
673828,2,,,1
673847,3,,500,3
673858,2,,,2
673882,2,,,3
673963,2,,,4
673970,2,,,1
674019,2,,,1
674063,2,,,2
674105,3,,2500,2
674106,2,,,1
674196,2,,,1
674226,2,,,2
674229,2,,,2
674237,2,,,2
674239,3,,500,1
674272,2,,,2
674281,3,,500,2
674283,3,,600,1
674287,2,,,2
674361,2,,,2
674379,2,,,1
674440,2,,,1
674489,2,,,1
674542,2,,,1
674572,2,,,2
674613,2,,,3
674686,2,,,2
674768,2,,,1
674781,2,,,2
674800,2,,,2
674815,2,,,1
674817,2,,,1
674842,2,,,4
674868,2,,,1
674869,2,,,2
674968,2,,,2
674970,2,,,2
674974,2,,,3
675086,2,,,2
675132,2,,,2
675265,2,,,1
675280,2,,,2
675334,2,,,2
675645,2,,,2
675656,2,,,1
675667,2,,,1
675739,2,,,1
675801,3,,50,1
675905,2,,,2
675906,2,,,2
675953,2,,,1
675977,2,,,2
675983,2,,,2
676000,2,,,1
676030,2,,,1
676060,2,,,2
676259,2,,,1
676304,2,,,1
676359,2,,,2
676374,2,,,2
676391,2,,,2
676521,2,,,1
676557,3,,10000,1
676580,2,,,2
676670,2,,,2
676772,2,,,2
676807,2,,,2
676844,4,,,4
676851,4,,,4
676941,3,,500,3
676981,2,,,1
677112,2,,,1
677124,2,,,2
677130,2,,,1
677167,2,,,1
677176,2,,,2
677195,2,,,2
677220,2,,,2
677277,2,,,2
677280,2,,,3
677287,2,,,2
677339,4,,,2
677386,2,,,2
677422,2,,,1
677464,2,,,1
677474,2,,,2
677475,2,,,2
677476,3,,500,3
677489,2,,,2
677627,2,,,1
677655,3,,50,1
677775,1,6000,,1
677881,2,,,1
677897,2,,,2
677946,2,,,1
677964,2,,,1
677988,2,,,1
678132,2,,,1
678160,2,,,2
678214,2,,,2
680060,2,,,2
680143,2,,,2
680144,3,,500,1
680146,4,,,1
680239,2,,,2
680243,2,,,1
680244,2,,,2
680274,2,,,3
680311,2,,,4
680391,2,,,1
680430,3,,60,2
680498,2,,,1
680500,2,,,1
680537,2,,,2
680587,2,,,2
680601,2,,,2
680686,2,,,2
680732,2,,,2
680771,2,,,2
680861,2,,,2
680870,2,,,2
680914,2,,,4
680938,3,,1000,4
680943,2,,,2
680981,2,,,1
680982,2,,,1
681097,2,,,1
681133,2,,,4
681192,2,,,1
681329,2,,,1
681349,2,,,1
681380,3,,5000,1
681387,3,,100,3
681394,3,,750,1
681403,2,,,3
681430,3,,2000,4
681477,2,,,1
681499,2,,,1
681520,2,,,2
681640,2,,,2
681658,2,,,2
681668,3,,200,1
681673,2,,,2
681713,2,,,1
681790,2,,,2
681822,2,,,2
681844,2,,,2
681929,2,,,3
682006,2,,,2
682118,2,,,1
682125,2,,,2
682169,3,,10000,1
682170,3,,3000,1
682192,2,,,2
682204,2,,,2
682210,2,,,3
682240,2,,,1
682272,2,,,2
682282,2,,,2
682298,2,,,2
682359,2,,,3
682360,3,,1000,1
682363,2,,,1
682398,2,,,2
682408,2,,,1
682457,2,,,2
682496,2,,,4
682532,2,,,2
682625,2,,,1
682704,1,6000,,2
682732,3,,400,3
682737,2,,,1
682743,4,,,4
682782,2,,,1
682783,2,,,1
682791,2,,,1
682812,2,,,2
682829,2,,,2
682897,2,,,2
682900,2,,,1
682918,2,,,2
682969,2,,,2
683033,2,,,2
683034,2,,,2
683042,2,,,2
683043,2,,,2
683052,2,,,2
683081,2,,,4
683119,2,,,1
683120,2,,,2
683121,2,,,2
683164,2,,,1
683171,2,,,3
683177,2,,,2
683230,2,,,4
683245,2,,,2
683247,2,,,2
683248,2,,,2
683249,2,,,2
683250,2,,,2
683251,2,,,2
683349,3,,8000,1
683352,2,,,1
683373,3,,1000,1
683377,2,,,1
683399,2,,,1
683431,4,,,4
683437,3,,10000,1
683469,2,,,1
683472,2,,,1
683544,2,,,1
683611,3,,1000,1
683645,2,,,2
683650,2,,,1
683660,2,,,2
683661,3,,1000,3
683664,2,,,2
683665,2,,,3
683669,2,,,2
683675,2,,,2
683727,2,,,1
683737,2,,,3
683767,2,,,1
683782,2,,,4
683785,1,24000,,3
683829,2,,,2
683861,2,,,4
683881,4,,,4
683896,2,,,1
683974,2,,,1
683991,2,,,2
684000,3,,500,1
684037,2,,,2
684063,2,,,2
684064,2,,,2
684218,2,,,2
684259,2,,,1
684279,3,,3000,2
684280,2,,,2
684326,2,,,2
684328,1,70000,,2
684359,2,,,1
684407,2,,,2
684423,2,,,1
684434,2,,,1
684437,2,,,2
684442,2,,,1
684454,3,,1000,1
684507,2,,,1
684524,2,,,2
684525,2,,,2
684557,2,,,2
684564,3,,500,1
684609,3,,3000,1
684665,2,,,1
684671,2,,,1
684684,3,,800,1
684740,2,,,2
684784,2,,,2
684882,2,,,2
684885,2,,,2
684886,3,,10000,2
684928,2,,,2
684937,2,,,2
684973,2,,,2
685002,2,,,2
685016,2,,,4
685024,3,,10000,1
685056,2,,,1
685058,3,,6000,1
685124,2,,,2
685130,2,,,3
685132,2,,,3
685148,4,,,4
685149,2,,,3
685150,2,,,4
685153,2,,,2
685164,2,,,1
685192,2,,,2
685258,2,,,3
685296,2,,,2
685297,2,,,4
685299,2,,,2
685300,2,,,2
685301,2,,,2
685368,2,,,2
685451,2,,,2
685454,2,,,2
685466,2,,,1
685487,3,,3000,1
685505,2,,,1
685528,2,,,1
685537,2,,,2
685560,2,,,1
685582,2,,,1
685630,2,,,1
685647,2,,,2
685727,3,,1000,4
685733,2,,,4
685734,2,,,2
685742,4,,,4
685747,2,,,1
685780,2,,,1
685812,2,,,1
685891,3,,600,1
685895,3,,2000,3
685902,2,,,2
685903,2,,,1
685905,2,,,3
685906,3,,1500,4
685965,2,,,2
686006,3,,30000,1
686014,2,,,2
686032,2,,,1
686133,2,,,2
686134,2,,,1
686173,2,,,1
686178,2,,,2
686185,2,,,2
686190,2,,,2
686234,2,,,2
686235,2,,,4
686253,2,,,2
686325,2,,,2
686423,2,,,2
686429,2,,,2
686494,2,,,2
686528,2,,,2
686543,2,,,1
686559,2,,,2
686579,2,,,2
686602,2,,,1
686634,2,,,2
686657,2,,,1
686658,2,,,2
686661,2,,,1
686717,4,,,1
686763,2,,,2
686806,3,,800,2
686831,2,,,2
686863,2,,,4
686866,2,,,1
686870,2,,,1
686898,2,,,2
686913,2,,,1
687007,2,,,1
687018,2,,,1
687022,2,,,1
687030,2,,,2
687033,2,,,1
687039,2,,,2
687056,2,,,2
687070,2,,,2
687075,2,,,1
687099,2,,,1
687148,2,,,2
687157,3,,400,3
687164,3,,300,3
687168,2,,,2
687250,2,,,1
687281,2,,,1
687287,2,,,2
687291,2,,,2
687304,2,,,1
687321,5,,,5
687328,4,,,4
687361,2,,,1
687404,2,,,1
687497,2,,,1
687508,2,,,2
687564,2,,,1
687569,2,,,2
687576,2,,,1
687685,2,,,2
687699,3,,15000,2
687845,2,,,2
687849,2,,,2
687878,3,,3000,2
687883,3,,5000,3
687892,2,,,2
687915,2,,,2
687916,2,,,2
687934,2,,,2
687938,4,,,1
687961,2,,,1
687971,2,,,4
687986,2,,,1
687987,1,6000,,1
687988,2,,,1
687990,2,,,1
687993,2,,,1
688009,2,,,1
688111,2,,,1
688123,2,,,2
688142,2,,,2
688149,2,,,4
688157,3,,15000,4
688159,3,,15000,1
688194,2,,,1
688210,2,,,1
688226,3,,2000,2
688250,3,,15000,1
688264,2,,,1
688277,3,,10000,1
688287,2,,,1
688323,2,,,2
700037,2,,,3
700073,2,,,3
700235,3,,400,3
700410,3,,10000,2
700624,3,,10000,1
700729,2,,,1
700730,2,,,1
700740,2,,,1
700752,2,,,1
701002,2,,,1
701229,2,,,1
701240,2,,,2
701531,2,,,4
701536,2,,,3
701579,2,,,2
701638,2,,,2
701647,2,,,2
702643,2,,,2
703258,2,,,2
703830,2,,,1
703837,2,,,2
704118,2,,,1
704160,2,,,1
704702,3,,5000,2
704752,2,,,2
704766,2,,,2
704832,2,,,2
704836,2,,,1
704911,2,,,2
705115,2,,,2
705116,2,,,2
705215,3,,100,2
705244,2,,,4
705513,3,,6000,1
705637,2,,,5
706224,2,,,1
706234,2,,,2
706258,2,,,2
706422,2,,,4
706436,3,,5000,4
706448,2,,,4
706628,2,,,2
706629,2,,,2
706634,2,,,2
706727,2,,,1
706900,2,,,2
706921,2,,,1
707104,2,,,3
707130,2,,,2
707253,3,,500,3
707307,2,,,1
707312,2,,,2
707509,2,,,2
707523,2,,,2
707541,2,,,2
707857,2,,,1
707963,2,,,2
708219,2,,,2
708747,5,,,5
709002,3,,15000,1
709420,2,,,2
709421,2,,,1
709423,2,,,1
709438,2,,,1
709460,2,,,1
709470,2,,,2
709803,2,,,2
710165,3,,3000,1
710507,2,,,2
710556,2,,,2
710606,2,,,1
710905,2,,,1
711014,2,,,2
711611,2,,,1
711645,2,,,1
712022,2,,,2
712141,2,,,2
712148,2,,,2
712219,2,,,1
712244,2,,,1
712723,2,,,2
713134,2,,,2
713319,2,,,3
713400,2,,,1
713700,2,,,2
713802,2,,,4
713811,2,,,2
713837,2,,,2
713844,2,,,2
713851,2,,,1
714021,3,,4500,1
714029,2,,,2
714238,2,,,2
714416,2,,,2
714430,2,,,2
714437,2,,,2
714622,2,,,2
714734,2,,,2
714811,2,,,1
714820,2,,,1
714828,2,,,1
714833,2,,,1
714854,2,,,2
715014,1,10000,,1
715065,2,,,2
715469,2,,,2
715572,2,,,2
715782,2,,,2
716204,2,,,2
716305,2,,,1
716500,3,,3000,4
716507,2,,,4
716834,2,,,2
716849,2,,,1
716908,2,,,1
716937,2,,,1
717014,3,,4000,1
717242,2,,,1
717311,3,,10000,1
717312,2,,,1
717331,2,,,2
717409,2,,,1
717605,2,,,1
717669,2,,,1
717801,2,,,3
717804,2,,,2
717809,2,,,2
717834,2,,,2
717858,2,,,2
717885,2,,,2
717900,2,,,1
718006,2,,,1
718115,2,,,1
718506,2,,,1
718674,2,,,3
718764,2,,,2
718772,2,,,2
718832,2,,,2
719025,2,,,1
719334,3,,15000,3
719358,2,,,2
719571,2,,,2
719606,4,,,1
719611,2,,,1
719613,2,,,1
719615,2,,,2
719656,2,,,1
719666,2,,,2
719763,2,,,2
719801,2,,,2
719810,2,,,1
719840,2,,,1
719940,2,,,3
719963,3,,10000,1
720110,3,,10000,1
720117,2,,,2
720138,2,,,2
720139,2,,,2
720161,2,,,2
720163,2,,,1
720209,2,,,2
720312,2,,,2
720416,3,,1000,1
720603,2,,,1
720634,3,,700,2
720784,3,,50,3
720889,3,,200,1
721521,3,,1000,1
721548,2,,,2
721631,5,,,5
721747,2,,,1
721777,2,,,1
721843,2,,,2
721871,2,,,2
722116,2,,,1
722141,2,,,4
722259,2,,,1
722310,2,,,2
722324,2,,,2
722331,2,,,2
722353,2,,,1
722365,1,4500,,1
722378,2,,,2
722518,2,,,2
722743,2,,,2
722875,4,,,1
723200,3,,500,1
723207,2,,,1
723666,2,,,1
723986,2,,,1
724132,4,,,4
724209,2,,,1
724211,2,,,1
724213,2,,,1
724307,2,,,2
724353,2,,,2
724509,2,,,3
724523,3,,100,2
724543,2,,,3
724635,2,,,2
724636,2,,,2
724708,2,,,1
724899,2,,,1
725236,2,,,2
725509,2,,,2
725701,2,,,2
725716,2,,,2
725726,4,,,4
725801,2,,,1
726146,2,,,1
726234,2,,,2
726553,2,,,2
726563,2,,,2
726568,2,,,2
726823,4,,,4
726906,3,,20000,1
726932,2,,,1
727001,2,,,1
727009,2,,,1
727039,2,,,1
727160,3,,1000,1
727267,2,,,1
727477,2,,,4
727520,2,,,2
727604,4,,,1
727825,2,,,3
728148,1,10000,,3
728160,2,,,2
728306,2,,,1
728493,2,,,2
728547,2,,,2
729412,2,,,2
729507,2,,,1
730312,2,,,1
730333,2,,,1
730402,2,,,2
730430,2,,,2
730756,2,,,2
730807,2,,,2
730876,2,,,2
730901,2,,,1
730939,2,,,2
731178,4,,,3
731810,2,,,1
732013,2,,,3
732343,2,,,2
732371,2,,,2
732466,2,,,5
732601,1,50000,,2
733216,2,,,2
733351,2,,,2
733363,3,,10000,2
733605,2,,,1
733606,2,,,1
733612,2,,,1
733713,2,,,4
733755,2,,,2
733811,2,,,2
734115,2,,,1
734141,3,,1500,1
734143,2,,,1
734210,2,,,2
734264,2,,,1
734833,2,,,2
734969,2,,,2
735005,2,,,1
735143,2,,,1
735401,2,,,1
735436,2,,,1
735538,2,,,1
735621,2,,,1
735659,2,,,2
735677,2,,,2
736010,2,,,2
736011,2,,,3
736034,2,,,2
736206,2,,,2
736212,2,,,2
736214,2,,,2
736476,2,,,2
736801,1,4000,,1
736828,2,,,1
736831,2,,,1
736862,2,,,1
736917,2,,,2
736935,2,,,1
736939,2,,,1
736957,2,,,1
737343,2,,,1
737349,2,,,2
737406,2,,,2
737420,3,,5000,1
737902,2,,,2
737939,3,,500,1
800003,2,,,1
800010,2,,,2
800029,3,,15000,4
800041,2,,,4
800106,2,,,3
800135,2,,,3
800180,2,,,2
800183,2,,,2
800184,2,,,2
800243,2,,,2
800260,2,,,2
800416,3,,4000,4
800464,2,,,2
800569,2,,,2
800571,2,,,2
800702,2,,,1
800705,2,,,2
800884,2,,,1
800901,2,,,3
800937,2,,,2
800999,2,,,1
801028,2,,,1
801104,2,,,1
801202,2,,,2
801221,2,,,1
801279,2,,,1
801448,2,,,1
801486,2,,,1
801541,2,,,1
801543,2,,,2
801801,2,,,2
801803,2,,,2
801806,2,,,2
801813,2,,,2
801875,3,,4000,2
801878,4,,,4
801892,2,,,4
801894,2,,,3
801899,2,,,3
801955,2,,,2
801966,2,,,2
801972,2,,,2
801986,5,,,2
802038,2,,,2
802261,2,,,1
802332,4,,,1
802349,2,,,2
802444,2,,,2
802451,2,,,1
802595,2,,,2
802675,2,,,1
802905,2,,,1
802914,2,,,1
803055,2,,,2
803101,2,,,1
803200,4,,,4
803483,2,,,1
803526,2,,,3
803566,2,,,2
803570,2,,,3
803661,2,,,1
803736,1,4000,,1
804040,2,,,1
804163,2,,,2
804172,2,,,2
804203,2,,,2
804209,2,,,4
804210,2,,,5
804214,3,,2000,2
804324,2,,,4
804457,2,,,1
804495,2,,,1
804515,2,,,1
804534,2,,,1
804547,2,,,2
804631,2,,,1
804720,2,,,4
804825,2,,,1
804880,3,,4280,1
804962,2,,,1
804966,2,,,2
805100,2,,,1
805154,2,,,1
805179,2,,,1
805189,2,,,1
805227,2,,,1
805264,2,,,2
805330,2,,,2
805435,3,,50,1
805449,2,,,1
805475,2,,,1
805556,2,,,1
805664,2,,,2
805719,2,,,2
806096,2,,,2
806282,2,,,2
806289,2,,,2
806339,2,,,2
806532,2,,,2
806540,2,,,2
806557,2,,,1
806560,2,,,1
806563,2,,,1
806583,2,,,1
806586,2,,,1
806601,2,,,1
806629,2,,,2
806650,2,,,2
806983,2,,,1
806993,2,,,2
807054,3,,5000,1
807066,2,,,2
807142,2,,,2
807146,2,,,2
807165,2,,,3
807255,2,,,2
807289,2,,,1
807303,2,,,1
807404,2,,,2
807538,2,,,1
807625,2,,,2
807849,2,,,1
807962,2,,,2
808122,1,18000,,2
808169,2,,,2
808182,3,,6000,3
808310,3,,1000,1
808379,2,,,1
808712,3,,9000,1
809233,2,,,2
809268,2,,,2
809285,2,,,2
809446,2,,,2
809488,2,,,2
809628,2,,,1
809644,2,,,1
809918,2,,,2
810042,2,,,1
810099,4,,,4
810104,2,,,1
810150,2,,,1
810180,2,,,1
810778,2,,,1
810855,2,,,1
811035,2,,,1
811075,2,,,2
811447,2,,,1
811506,3,,1000,1
811784,2,,,1
811793,3,,10000,1
811794,2,,,1
811807,2,,,1
811952,2,,,4
811991,2,,,2
812006,2,,,3
812015,4,,,2
812035,2,,,2
812043,2,,,2
812628,2,,,1
812794,2,,,1
812849,2,,,4
812896,2,,,2
813109,2,,,2
813135,2,,,1
813141,2,,,1
813246,2,,,2
813283,2,,,2
813298,2,,,1
813323,2,,,2
813349,2,,,3
813379,2,,,1
813493,3,,5000,3
813513,3,,4000,1
813686,3,,3900,1
813713,2,,,2
813729,2,,,2
813818,3,,500,2
813912,2,,,2
813932,2,,,2
813952,2,,,2
814027,2,,,3
814098,2,,,3
814103,1,50000,,2
814136,3,,10000,1
814466,2,,,1
814532,2,,,2
814546,2,,,1
814586,2,,,3
814735,2,,,2
814738,2,,,2
814889,1,2000,,2
815135,2,,,2
815136,2,,,3
815192,4,,,4
815291,2,,,2
815403,2,,,1
815411,2,,,1
815415,2,,,1
815416,2,,,1
815465,3,,1000,1
815511,2,,,2
815523,2,,,2
815896,3,,1500,1
815960,2,,,2
816001,2,,,2
816029,2,,,2
816139,4,,,4
816196,2,,,2
816249,2,,,2
816383,2,,,1
816433,2,,,1
816585,2,,,1
816781,3,,2000,1
816816,4,,,4
816827,2,,,2
816839,3,,2000,1
816847,5,,,5
816897,2,,,1
816919,2,,,1
817160,3,,5000,3
817180,2,,,2
817204,3,,300,3
817276,2,,,1
817402,2,,,2
817480,2,,,2
817487,2,,,2
817675,4,,,4
817742,3,,7000,1
817747,2,,,2
817749,3,,300,4
817842,3,,1000,4
817905,2,,,2
817967,3,,3000,2
818057,2,,,5
818064,2,,,2
818290,2,,,2
818345,4,,,1
818425,2,,,1
818426,2,,,1
818640,2,,,2
819010,2,,,1
819031,2,,,2
819125,2,,,1
819127,4,,,1
819156,2,,,2
819168,4,,,4
819330,3,,14000,5
819350,2,,,2
819433,2,,,4
819517,2,,,1
819575,2,,,2
819626,2,,,1
819653,2,,,1
819664,2,,,1
819693,2,,,1
819831,2,,,3
819972,3,,700,1
820115,4,,,1
820171,2,,,1
820465,2,,,2
820606,2,,,2
820675,2,,,4
820697,3,,8000,1
820707,2,,,1
820718,2,,,1
820847,2,,,2
820966,2,,,2
821008,2,,,2
821020,2,,,1
821170,2,,,2
821350,2,,,1
821387,2,,,2
821489,2,,,4
821713,2,,,1
821727,2,,,2
821770,4,,,4
821789,2,,,2
821841,2,,,2
821844,2,,,3
821854,2,,,1
822033,2,,,2
822191,2,,,1
822266,2,,,2
822398,2,,,1
822408,2,,,2
822497,2,,,1
822530,3,,100,1
822826,2,,,1
823046,2,,,2
823053,2,,,2
823250,2,,,2
823258,2,,,1
823338,2,,,1
823488,2,,,1
823506,3,,6000,1
823524,2,,,4
823767,2,,,1
823963,2,,,2
823993,2,,,2
824236,2,,,1
824302,3,,600,1
824338,2,,,2
824574,2,,,2
824637,2,,,2
824724,2,,,2
824730,2,,,2
824734,2,,,2
824735,2,,,2
824808,2,,,2
824824,2,,,2
824887,2,,,3
824891,2,,,2
825078,2,,,1
825172,2,,,1
825184,2,,,1
825849,3,,6000,4
825889,2,,,2
825977,2,,,2
826006,2,,,1
826115,2,,,1
826118,2,,,1
826132,2,,,1
826234,2,,,1
826242,2,,,1
826248,2,,,3
826266,2,,,2
826307,2,,,2
826347,2,,,1
826362,2,,,2
826427,2,,,2
826456,2,,,1
826565,2,,,1
826687,2,,,2
826744,2,,,1
827006,2,,,1
827036,2,,,2
827146,2,,,1
827188,2,,,1
827386,2,,,1
827447,4,,,4
827457,2,,,2
827578,2,,,2
827615,2,,,2
827639,2,,,4
827647,2,,,2
827847,2,,,1
828121,2,,,1
828184,2,,,2
850013,2,,,2
850016,2,,,2
850030,3,,6000,3
851025,2,,,3
851151,2,,,1
851172,2,,,1
851493,2,,,2
851504,2,,,2
851514,3,,3000,1
851627,2,,,1
851672,2,,,1
851693,2,,,1
851699,2,,,2
851703,2,,,1
851846,2,,,4
851865,2,,,4
851874,2,,,1
851937,3,,2000,2
851968,2,,,2
851982,2,,,2
852021,2,,,3
852058,2,,,2
852070,2,,,1
852074,2,,,1
852115,2,,,2
852120,2,,,2
852130,2,,,2
852134,3,,70,1
852140,2,,,2
852204,2,,,1
852283,2,,,2
852304,2,,,2
852321,2,,,2
852330,2,,,3
852332,2,,,4
852554,3,,5000,2
852573,2,,,2
852574,2,,,2
852595,2,,,1
852658,2,,,1
852762,2,,,2
853073,2,,,1
853175,4,,,4
853279,2,,,3
853296,2,,,3
853318,2,,,1
853352,2,,,1
853354,2,,,2
853565,2,,,2
853569,2,,,2
853617,2,,,1
853765,2,,,2
853801,2,,,2
853849,2,,,2
853854,2,,,2
853875,2,,,1
853911,2,,,1
854058,1,5000,,2
854070,2,,,1
854074,2,,,2
854078,2,,,1
854081,2,,,1
854108,2,,,2
854112,2,,,2
854163,2,,,1
854188,2,,,1
854197,2,,,2
854223,2,,,1
854306,2,,,1
854346,2,,,1
854352,2,,,1
854385,2,,,2
854393,2,,,1
854406,2,,,2
854435,2,,,2
854460,2,,,1
854501,2,,,2
854534,2,,,2
854535,2,,,2
854554,3,,800,1
854559,2,,,2
854592,2,,,1
854593,5,,,4
854714,2,,,1
854730,2,,,2
854762,3,,3000,2
854858,2,,,1
854862,2,,,1
854970,2,,,2
855004,2,,,2
855035,2,,,2
855088,2,,,2
855111,2,,,1
855135,2,,,2
855181,2,,,1
855238,2,,,1
855259,2,,,1
855268,1,10000,,1
855295,2,,,2
855308,2,,,2
855344,2,,,1
855371,2,,,2
855376,2,,,2
855396,2,,,2
855402,2,,,2
855417,2,,,1
855468,2,,,1
855534,2,,,3
855681,2,,,1
855685,2,,,1
855780,2,,,2
855790,2,,,2
855792,2,,,2
855809,2,,,2
855839,2,,,1
855991,2,,,2
856128,2,,,3
856134,2,,,2
856150,2,,,2
856177,2,,,1
856218,2,,,2
856297,2,,,1
856322,2,,,1
856327,2,,,3
856328,2,,,2
856363,2,,,1
856374,2,,,1
856430,2,,,1
856674,2,,,2
856688,2,,,1
856708,2,,,2
856731,2,,,1
856759,2,,,1
856963,2,,,4
857044,2,,,2
857107,2,,,1
857172,2,,,2
857273,3,,200,2
857353,2,,,2
857398,2,,,2
857466,3,,2000,1
857467,2,,,1
857514,2,,,1
857521,3,,150,1
857549,2,,,1
857621,2,,,1
857670,2,,,2
857679,2,,,2
857718,2,,,1
857741,2,,,1
857856,3,,300,1
857914,2,,,4
858214,3,,2000,4
858238,2,,,2
858353,3,,10000,1
858445,5,,,5
858474,5,,,1
858481,2,,,2
858534,2,,,2
858712,2,,,1
858735,2,,,2
858811,2,,,2
859244,2,,,1
859261,2,,,2
859293,2,,,1
859321,2,,,1
859360,2,,,2
859449,2,,,1
859456,2,,,1
859459,2,,,3
859507,3,,10000,1
859573,3,,6000,4
859587,2,,,4
859588,3,,10000,3
859592,2,,,2
859597,2,,,3
859611,2,,,2
859616,2,,,3
859696,3,,800,4
859908,2,,,2
859913,3,,2000,2
859920,2,,,2
859946,2,,,2
859993,2,,,1
860092,2,,,1
860095,2,,,1
860127,2,,,2
860164,2,,,1
860182,2,,,1
860328,2,,,1
860353,2,,,2
860381,2,,,3
860525,3,,40000,1
860573,2,,,1
860684,2,,,2
860688,2,,,2
860704,2,,,1
860726,2,,,1
860757,2,,,1
860780,3,,1000,1
860783,5,,,5
860787,3,,1000,1
860799,2,,,1
860820,2,,,2
860826,2,,,2
860900,3,,1000,1
860929,2,,,2
860940,2,,,1
860963,4,,,4
860977,4,,,1
860985,2,,,4
861061,2,,,2
861065,2,,,2
861272,2,,,2
861452,2,,,1
861471,2,,,1
861502,2,,,3
861508,2,,,1
861578,2,,,1
861581,2,,,1
861584,2,,,4
861731,2,,,2
861752,3,,800,3
861850,2,,,2
861949,3,,1000,2
861954,3,,3000,4
861992,2,,,2
862003,2,,,2
862007,2,,,4
862012,2,,,2
862062,3,,10000,1
862075,2,,,1
862080,2,,,1
862146,2,,,1
862150,2,,,1
862168,2,,,1
862302,2,,,2
862303,4,,,5
862314,4,,,4
862358,2,,,2
862416,2,,,2
862424,3,,600,4
862455,2,,,2
862462,2,,,2
862466,4,,,2
862503,2,,,1
862583,2,,,1
862590,2,,,2
862604,2,,,2
862789,2,,,3
862824,2,,,2
862826,3,,2000,2
862853,2,,,1
862877,3,,1500,1
862939,2,,,2
863078,2,,,2
863087,2,,,2
863099,2,,,2
863223,3,,400,4
863239,2,,,1
863308,2,,,2
863331,2,,,2
863333,3,,5000,1
863387,2,,,2
863397,2,,,1
863402,2,,,1
863430,2,,,3
863447,2,,,2
863451,2,,,3
863458,2,,,3
863542,3,,4000,3
863575,2,,,2
863673,5,,,5
863684,2,,,2
863863,2,,,1
864040,2,,,1
864120,2,,,2
864133,2,,,2
864138,2,,,2
864156,2,,,3
864213,2,,,2
864395,2,,,1
864441,2,,,2
864452,2,,,1
864456,2,,,2
864457,3,,4000,2
864458,3,,5000,2
864473,1,5000,,3
864477,2,,,2
864482,3,,1200,1
864754,2,,,2
864809,2,,,2
865142,2,,,1
865155,2,,,1
865192,2,,,1
865202,3,,12000,1
865323,2,,,1
865357,2,,,2
865481,3,,10000,1
865483,2,,,2
865491,3,,6000,1
865494,2,,,1
865498,3,,7000,1
865500,3,,8000,1
865504,2,,,4
865515,4,,,4
865680,2,,,2
865764,2,,,2
865780,2,,,2
865806,2,,,1
865882,2,,,1
866028,2,,,1
866035,2,,,1
866041,2,,,1
866071,2,,,2
866106,2,,,1
866220,2,,,2
866382,2,,,2
866386,2,,,2
866387,2,,,2
866452,2,,,2
866489,4,,,3
866507,2,,,3
866541,2,,,1
866855,2,,,1
866960,2,,,1
866985,2,,,3
867003,2,,,3
867008,2,,,3
867019,2,,,2
867025,2,,,3
867090,2,,,1
867104,2,,,1
867114,2,,,2
867201,2,,,1
867205,3,,20000,1
867275,2,,,1
867318,2,,,2
867344,2,,,4
867373,2,,,1
867433,2,,,2
867462,2,,,1
867498,2,,,2
867505,2,,,1
867522,2,,,1
867653,2,,,4
867674,2,,,1
867686,2,,,1
867784,2,,,1
867799,2,,,2
867801,2,,,2
867914,2,,,1
867925,2,,,1
867929,2,,,2
867993,2,,,2
868013,2,,,2
868093,2,,,2
868098,2,,,2
868165,2,,,2
868231,2,,,4
868264,3,,4500,2
868280,3,,500,3
868283,2,,,1
868294,3,,6000,4
868337,2,,,2
868406,2,,,2
868456,2,,,4
868463,2,,,2
868474,2,,,2
868478,4,,,4
868483,2,,,1
868489,2,,,3
868500,2,,,3
868504,2,,,3
868505,2,,,4
868564,5,,,5
868583,2,,,2
868697,4,,,4
868805,2,,,1
868843,3,,1000,1
869003,2,,,1
869006,2,,,4
869019,4,,,4
869021,2,,,2
869022,3,,5000,1
869023,2,,,1
869042,2,,,2
869043,2,,,2
871009,2,,,2
871078,2,,,2
871085,2,,,1
871090,2,,,2
871145,2,,,3
871191,3,,15000,1
871218,2,,,1
871237,2,,,2
871242,2,,,4
871268,2,,,2
871272,2,,,4
871273,2,,,1
871320,2,,,2
871385,3,,8000,2
871395,2,,,2
871412,2,,,1
871440,2,,,2
871442,2,,,4
871461,2,,,1
871470,2,,,1
871517,2,,,2
871521,2,,,2
871533,2,,,3
871572,2,,,2
871580,2,,,2
871610,2,,,2
871617,4,,,4
871618,2,,,1
871631,4,,,1
871634,2,,,1
871642,4,,,1
871695,2,,,2
871697,2,,,2
871747,2,,,1
871798,2,,,2
871807,2,,,1
871811,2,,,2
871886,2,,,1
871892,2,,,1
871903,2,,,1
872005,2,,,1
872027,3,,20000,2
872065,2,,,2
872073,2,,,2
872077,2,,,2
872082,2,,,2
872107,2,,,2
872112,2,,,2
872122,3,,4000,1
872125,2,,,1
872133,2,,,1
872161,2,,,2
872166,2,,,2
872190,2,,,1
872192,2,,,2
872199,2,,,1
872217,2,,,2
872228,2,,,1
872229,2,,,2
872233,2,,,2
872261,2,,,2
872306,2,,,1
872312,2,,,1
872357,2,,,1
872367,2,,,2
872377,2,,,2
872385,2,,,2
872407,2,,,2
872413,2,,,2
872417,3,,500,2
872422,2,,,2
872432,2,,,2
872433,2,,,2
872434,2,,,2
872443,2,,,2
872450,2,,,4
872555,2,,,2
872556,2,,,2
872572,2,,,3
872583,2,,,1
872602,2,,,2
872619,2,,,1
872633,2,,,2
872646,3,,4000,2
872661,2,,,2
872698,2,,,4
872702,2,,,5
872710,2,,,2
872732,2,,,2
872747,2,,,1
872748,2,,,2
872750,2,,,1
872781,2,,,1
872794,3,,180,1
872795,2,,,4
872847,2,,,1
872919,2,,,1
872924,2,,,1
872930,2,,,2
872935,2,,,2
872951,3,,10000,2
872963,1,9000,,2
873011,2,,,1
873023,2,,,1
873037,2,,,1
873042,2,,,2
873043,2,,,4
873048,3,,5000,1
873052,3,,5000,2
873072,2,,,1
873073,2,,,1
873133,2,,,1
873157,2,,,2
873158,2,,,2
873166,2,,,2
873194,2,,,1
873202,2,,,2
873207,2,,,1
873221,2,,,2
873224,2,,,2
873231,4,,,4
873232,2,,,1
873243,2,,,1
873260,2,,,1
873272,2,,,1
873275,2,,,2
873279,2,,,2
873280,2,,,2
873281,2,,,2
873282,2,,,1
873286,2,,,2
873287,2,,,2
873299,2,,,2
873337,2,,,2
873380,2,,,4
873390,2,,,2
873399,2,,,1
873401,2,,,1
873402,3,,5000,1
873457,2,,,2
873490,2,,,2
873491,2,,,2
873559,2,,,3
873588,2,,,1
873597,2,,,1
873607,3,,1000,1
873674,2,,,2
873772,3,,5000,1
873788,2,,,2
873791,2,,,1
873809,2,,,2
873811,2,,,2
873859,2,,,2
874026,2,,,2
874111,2,,,2
874115,2,,,2
874134,2,,,2
874152,2,,,1
874157,2,,,1
874163,2,,,2
874168,2,,,1
874213,2,,,1
874225,2,,,1
874249,2,,,1
874274,2,,,2
874278,2,,,3
874294,2,,,2
874312,2,,,3
874323,2,,,2
874325,2,,,1
874330,2,,,2
874347,2,,,1
874350,2,,,2
874375,2,,,1
874376,3,,2000,3
874392,2,,,2
874404,2,,,2
874514,1,3500,,2
874515,2,,,2
874517,3,,15000,3
874545,2,,,1
874556,3,,8500,1
874587,2,,,1
874593,2,,,1
874597,4,,,1
874607,2,,,4
874612,2,,,1
874631,2,,,2
874670,2,,,2
874681,2,,,2
874704,2,,,1
874705,2,,,1
874717,2,,,1
874745,2,,,2
874756,2,,,2
874761,2,,,2
874777,1,1200,,1
874791,2,,,1
874877,3,,6000,1
874891,2,,,2
874947,2,,,2
874961,3,,50,2
875011,2,,,2
875017,3,,1000,2
875020,2,,,2
875027,2,,,2
875028,2,,,1
875044,2,,,2
875088,2,,,1
875095,2,,,1
875096,2,,,1
875100,2,,,1
875126,2,,,1
875139,2,,,1
875154,2,,,1
875184,2,,,2
875206,2,,,1
875211,3,,1000,1
875214,2,,,1
875217,2,,,2
875221,3,,11500,1
875224,2,,,4
875280,2,,,2
875281,2,,,1
875293,3,,5000,1
875326,2,,,4
875336,2,,,2
875341,4,,,4
875365,2,,,2
875382,2,,,2
875415,2,,,1
875426,3,,10000,1
875431,3,,5000,1
875436,2,,,2
875439,2,,,1
875449,2,,,1
875452,2,,,4
875514,2,,,1
875523,3,,5000,2
875527,2,,,1
875528,3,,12000,1
875539,3,,5000,1
875542,2,,,1
875548,2,,,2
875557,2,,,2
875562,2,,,2
875568,2,,,2
875573,2,,,2
875577,2,,,2
875582,2,,,1
875585,2,,,2
875602,2,,,1
875606,2,,,1
875623,2,,,1
875635,2,,,2
875649,2,,,2
875654,2,,,2
875658,2,,,2
875668,2,,,2
875679,2,,,1
875686,2,,,1
875726,2,,,2
875731,2,,,1
875737,2,,,2
875758,2,,,2
875765,2,,,2
875817,2,,,2
875851,2,,,2
875855,2,,,1
875909,3,,13000,2
875914,2,,,1
875920,3,,12000,4
875967,2,,,2
875969,2,,,2
875976,3,,5000,1
875977,2,,,1
876017,2,,,2
876018,2,,,4
876020,2,,,2
876023,2,,,3
876037,2,,,2
876042,2,,,2
876052,4,,,4
876069,2,,,1
876079,2,,,2
876093,2,,,1
876104,2,,,3
876105,2,,,2
876108,2,,,1
876109,2,,,2
876115,2,,,2
876125,2,,,2
876127,3,,10000,2
876218,2,,,2
876272,2,,,1
876314,2,,,2
876364,2,,,1
876383,2,,,1
876388,3,,7000,1
876391,2,,,2
876444,2,,,2
876523,4,,,2
876542,2,,,1
876551,2,,,2
876562,2,,,2
876571,2,,,2
876577,2,,,1
876581,3,,10000,2
876587,2,,,2
876624,2,,,1
876632,2,,,2
876649,2,,,3
876651,2,,,4
876666,2,,,3
876694,2,,,2
876701,2,,,2
876703,2,,,2
876726,2,,,4
876729,2,,,2
876730,2,,,1
876786,2,,,1
876799,2,,,1
876806,2,,,1
876810,2,,,1
876820,2,,,1
876833,3,,3000,2
877001,2,,,1
877017,2,,,1
877064,2,,,1
877083,2,,,1
877100,2,,,1
877138,2,,,1
877241,2,,,1
877267,2,,,1
877279,2,,,1
877285,2,,,1
877407,3,,100,1
877473,2,,,2
877487,2,,,2
877553,3,,10000,1
877612,2,,,2
877621,2,,,1
877653,2,,,1
877662,3,,500,3
877697,2,,,3
877751,2,,,3
877752,2,,,3
877753,3,,4000,3
877784,3,,10000,2
877789,2,,,2
877828,2,,,2
877868,2,,,2
877908,2,,,1
878002,2,,,1
878007,2,,,1
878011,2,,,1
878019,2,,,1
878021,2,,,1
878022,2,,,1
878039,2,,,1
878049,2,,,2
878065,2,,,1
878074,2,,,2
878094,2,,,2
878103,2,,,1
878117,2,,,1
878120,2,,,1
878121,2,,,1
878142,2,,,1
878154,2,,,2
878157,2,,,2
878173,2,,,2
878182,3,,2000,1
878194,1,15000,,3
878197,3,,6000,2
878218,2,,,1
878238,2,,,1
878281,2,,,2
878292,2,,,1
878295,2,,,1
878309,2,,,2
878316,2,,,2
878324,2,,,2
878503,2,,,1
878506,2,,,1
878510,2,,,1
878513,2,,,1
878517,2,,,1
878518,2,,,1
878552,2,,,2
878572,2,,,1
878573,2,,,2
878617,2,,,2
878648,2,,,1
878684,2,,,1
878727,2,,,2
878738,2,,,2
878739,2,,,2
878750,3,,1500,1
878751,2,,,2
878777,2,,,2
878790,2,,,3
878811,2,,,1
878831,2,,,1
878834,2,,,1
878848,1,15000,,1
878869,3,,10000,1
878873,2,,,1
878874,2,,,1
878883,3,,3500,2
878966,3,,5000,1
879018,2,,,4
879023,4,,,1
879052,2,,,2
879066,2,,,3
879069,3,,500,2
879152,2,,,2
879192,2,,,1
879229,2,,,2
879235,2,,,1
879257,2,,,3
879275,2,,,2
879302,2,,,2
879319,3,,6000,1
879391,2,,,1
879422,2,,,4
879449,2,,,2
879470,3,,3000,1
879484,3,,10000,3
879487,2,,,1
879494,3,,400,1
879503,3,,1000,1
879507,3,,50,1
879509,2,,,1
879523,2,,,1
879543,2,,,1
879552,2,,,2
879563,4,,,4
879565,2,,,4
879568,3,,14000,4
879591,2,,,4
879620,2,,,2
879667,4,,,4
879681,2,,,2
879743,2,,,4
879817,2,,,1
879832,2,,,1
879837,2,,,1
879844,2,,,1
879861,2,,,2
879883,2,,,2
879931,2,,,1
879943,2,,,2
879946,2,,,1
879951,3,,10000,1
879958,2,,,1
880003,2,,,1
880040,2,,,2
880066,2,,,1
880072,2,,,1
880167,2,,,2
880173,2,,,2
880181,2,,,2
880182,2,,,3
880186,2,,,2
880207,2,,,1
880243,2,,,2
880244,2,,,2
880252,2,,,2
880264,2,,,2
880267,2,,,2
880268,2,,,2
880271,2,,,2
880279,2,,,2
880291,2,,,3
880357,2,,,2
880375,3,,9000,3
880398,3,,300,3
880408,2,,,2
880425,2,,,4
880427,2,,,3
880431,2,,,2
880457,2,,,2
880458,2,,,2
880459,4,,,3
880564,3,,1000,1
880581,3,,7000,1
880827,1,1000,,2
880849,2,,,1
880861,3,,20000,1
880865,2,,,2
880884,2,,,2
880893,2,,,2
880898,2,,,1
880911,2,,,2
880912,3,,5000,2
880948,2,,,2
880978,2,,,1
881023,2,,,2
881028,2,,,2
881029,2,,,1
881059,3,,3000,1
881072,4,,,4
881095,4,,,4
881188,2,,,2
881195,2,,,2
881209,3,,8000,2
881263,2,,,2
881281,2,,,2
881284,2,,,2
881293,2,,,2
881302,2,,,2
881304,2,,,1
881330,2,,,1
881335,1,18000,,2
881368,2,,,2
881375,2,,,2
881382,2,,,2
881391,2,,,1
881421,2,,,3
881448,2,,,1
881475,2,,,1
881480,2,,,1
881527,2,,,2
881537,2,,,2
881544,2,,,2
881550,2,,,2
881552,2,,,1
881554,3,,3000,1
881561,2,,,1
881566,2,,,2
881587,2,,,4
881601,2,,,1
881611,2,,,1
881642,3,,2000,2
881671,2,,,2
881676,2,,,3
881677,2,,,2
881680,2,,,2
881683,2,,,1
881686,2,,,2
881700,2,,,2
881758,4,,,2
881760,3,,1000,4
881765,4,,,4
881785,2,,,2
881809,5,,,1
881817,2,,,1
881821,2,,,1
881832,2,,,4
881857,2,,,2
881884,2,,,2
881934,2,,,2
881982,2,,,2
881983,2,,,2
882007,2,,,2
882019,2,,,1
882048,2,,,2
882052,2,,,1
882053,2,,,2
882057,2,,,1
882059,2,,,1
882062,2,,,1
882066,2,,,2
882067,2,,,1
882078,2,,,1
882091,2,,,1
882096,3,,2000,2
882106,2,,,1
882109,4,,,4
882114,2,,,1
882117,2,,,2
882127,2,,,2
882139,2,,,2
882143,4,,,3
882159,2,,,2
882162,2,,,2
882171,2,,,1
882179,2,,,2
882203,2,,,2
882211,2,,,2
882216,2,,,2
882286,2,,,1
882304,3,,300,2
882307,2,,,2
882314,2,,,2
882340,2,,,4
882393,3,,6000,1
882420,4,,,4
882449,2,,,2
882470,2,,,2
882497,2,,,3
882515,3,,2000,3
882537,2,,,2
882556,3,,2500,1
882557,2,,,1
882561,2,,,2
882573,2,,,2
882578,2,,,2
882582,2,,,2
882585,2,,,2
882593,2,,,3
882618,2,,,2
882622,2,,,2
882635,2,,,2
882652,2,,,3
882653,2,,,3
882654,2,,,2
882667,2,,,2
882675,2,,,2
882723,2,,,2
882739,2,,,2
882745,2,,,2
882807,2,,,2
882862,3,,2500,1
882925,3,,6500,1
882926,2,,,1
882927,2,,,2
882962,4,,,4
882973,4,,,1
882978,2,,,2
883014,2,,,1
883018,2,,,4
883110,2,,,1
883134,2,,,1
883157,4,,,4
883182,2,,,3
883188,2,,,1
883225,2,,,2
883228,2,,,1
883322,2,,,2
883329,2,,,1
883343,2,,,2
883356,3,,4000,2
883382,2,,,2
883392,2,,,2
883403,2,,,2
883417,2,,,2
883469,2,,,2
883500,2,,,3
883518,2,,,1
883588,2,,,2
883629,3,,1000,1
883642,2,,,3
883712,2,,,2
883728,2,,,2
883742,2,,,1
883754,3,,50000,2
883762,3,,1000,1
883763,2,,,1
883787,2,,,1
883789,2,,,1
883799,2,,,1
883800,2,,,2
883833,2,,,1
883853,2,,,3
883854,4,,,4
883886,2,,,2
883890,2,,,2
883892,2,,,2
883894,2,,,2
883910,2,,,2
883912,2,,,2
883969,2,,,2
883988,2,,,2
883990,2,,,2
884032,2,,,2
884033,2,,,1
884038,3,,100,4
884053,2,,,1
884101,2,,,2
884117,2,,,1
884122,2,,,1
884232,2,,,2
884251,2,,,2
884260,2,,,2
884269,2,,,2
884279,2,,,3
884294,2,,,3
884337,2,,,1
884409,2,,,2
884416,2,,,2
884418,2,,,2
884439,2,,,2
884440,2,,,2
884503,2,,,1
884537,3,,100,2
884570,3,,1000,2
884677,2,,,1
884678,2,,,1
884680,2,,,1
884685,2,,,1
884707,2,,,1
884717,2,,,1
884794,2,,,2
884802,2,,,1
884867,2,,,4
884879,2,,,1
884927,2,,,1
884932,2,,,2
884945,2,,,2
884968,2,,,1
884972,2,,,2
884983,2,,,2
885014,3,,1000,1
885025,2,,,2
885037,3,,15000,1
885040,3,,12000,1
885045,2,,,2
885047,2,,,2
885062,2,,,2
885077,2,,,2
885318,2,,,2
885327,2,,,2
885342,2,,,2
885353,2,,,2
885434,2,,,2
885504,1,30000,,2
885505,2,,,4
885551,2,,,2
885580,4,,,2
885584,4,,,4
885596,4,,,4
885625,3,,22000,1
885633,3,,10000,1
885634,3,,6000,1
885639,2,,,1
885646,2,,,1
885661,2,,,3
885693,2,,,2
885697,2,,,2
885698,2,,,5
885709,2,,,2
885802,2,,,1
885803,2,,,4
885811,2,,,2
885822,2,,,2
885835,2,,,2
885865,2,,,1
885868,2,,,1
885878,2,,,1
886112,2,,,1
886151,2,,,1
886202,2,,,1
886226,2,,,2
886233,2,,,1
886234,3,,8000,2
886273,2,,,2
886302,2,,,1
886325,2,,,4
886328,2,,,1
886342,2,,,1
886347,2,,,2
886367,2,,,2
886419,2,,,1
886427,3,,10000,1
886443,2,,,2
886457,2,,,1
886529,2,,,1
886533,2,,,1
886581,2,,,1
886603,2,,,1
886604,2,,,1
886606,2,,,2
886629,2,,,1
886636,2,,,1
886656,2,,,2
886662,2,,,1
886698,2,,,1
886721,2,,,2
886741,2,,,1
886748,2,,,2
886782,2,,,2
886789,2,,,2
886797,2,,,2
886817,2,,,1
886822,2,,,2
886851,2,,,2
886887,2,,,1
886915,2,,,1
886918,2,,,1
886923,2,,,1
887021,2,,,1
887092,2,,,1
887122,2,,,1
887130,2,,,1
887244,4,,,1
887332,2,,,2
887357,2,,,2
887372,2,,,2
887377,2,,,2
887388,2,,,2
887397,4,,,2
887498,2,,,1
887562,2,,,2
887611,3,,2500,2
887614,2,,,2
887639,3,,4000,2
887650,4,,,2
887655,2,,,2
887667,2,,,2
887679,2,,,1
887700,4,,,2
887722,2,,,2
887734,2,,,2
887736,2,,,2
887738,2,,,2
887755,2,,,2
887762,2,,,1
887770,3,,20000,2
887773,2,,,2
887782,2,,,1
887787,2,,,2
887801,2,,,2
887821,2,,,2
887859,2,,,1
887863,2,,,1
887915,2,,,2
887964,2,,,2
888073,2,,,1
888110,3,,10000,4
888112,2,,,1
888122,2,,,2
888142,2,,,1
888178,2,,,3
888185,2,,,2
888292,2,,,4
888297,2,,,1
888304,3,,3000,2
888363,2,,,2
888377,2,,,2
888390,2,,,1
888404,2,,,1
888413,2,,,1
888425,2,,,1
888436,2,,,2
888451,2,,,2
888452,2,,,2
888455,2,,,2
888515,2,,,2
888606,2,,,1
888623,2,,,2
888678,2,,,1
888692,2,,,4
888695,2,,,1
888729,4,,,4
888747,3,,22000,1
888748,2,,,1
888772,2,,,1
888773,2,,,1
888778,2,,,1
888779,2,,,1
888782,3,,15000,1
888786,2,,,1
888787,2,,,1
888843,2,,,1
888848,2,,,1
888861,2,,,5
888864,5,,,5
888873,3,,1200,4
888989,2,,,1
888997,3,,6000,1
889014,2,,,4
889047,2,,,1
889109,2,,,2
889121,2,,,1
889169,2,,,1
889172,2,,,2
889173,2,,,2
889192,2,,,1
889199,2,,,1
889202,3,,1000,1
889213,2,,,2
889251,2,,,2
889292,2,,,2
889294,2,,,2
889348,2,,,1
889377,2,,,4
889378,2,,,2
889392,2,,,1
889402,2,,,1
889403,2,,,2
889407,2,,,2
889497,2,,,1
889512,2,,,2
889537,2,,,2
889576,2,,,2
889577,2,,,2
889583,2,,,2
889587,2,,,2
889618,3,,11000,2
889623,2,,,1
889706,2,,,2
889709,2,,,2
889710,2,,,2
889711,3,,9000,3
889714,4,,,4
889715,2,,,1
889719,2,,,2
889720,2,,,1
889721,2,,,1
889722,2,,,2
889724,2,,,1
889725,2,,,1
889726,2,,,1
889727,3,,50,2
889728,3,,5000,3
889729,2,,,1
889738,2,,,1
889739,1,2400,,2
889740,2,,,4
889753,2,,,2
890008,2,,,3
890030,2,,,3
890055,2,,,2
890101,2,,,1
890123,2,,,4
890162,2,,,1
890231,2,,,1
890259,2,,,1
890419,2,,,2
890532,2,,,2
890573,2,,,3
890579,2,,,2
890862,2,,,2
890869,3,,5000,4
890871,4,,,4
890880,2,,,2
890910,2,,,1
890913,2,,,4
890916,2,,,4
890963,2,,,1
890970,2,,,1
891013,2,,,4
891023,2,,,1
891027,1,2000,,1
891031,3,,10000,1
891062,5,,,2
891065,3,,800,3
891073,2,,,4
891082,2,,,3
891161,2,,,1
891214,2,,,2
891270,2,,,1
891317,2,,,2
891320,2,,,1
891415,2,,,1
891435,2,,,1
891447,2,,,1
891510,2,,,2
891676,2,,,1
891688,3,,5000,3
891692,2,,,3
891724,2,,,1
891727,2,,,1
891733,2,,,2
891793,3,,15000,4
891827,2,,,1
891835,2,,,2
891837,3,,400,1
891872,3,,20000,1
891877,3,,5000,1
891882,2,,,2
891938,2,,,2
891947,2,,,1
891970,2,,,1
891992,3,,1200,1
892071,2,,,2
892072,2,,,2
892076,2,,,1
892093,2,,,1
892110,2,,,2
892127,2,,,1
892132,2,,,1
892173,2,,,1
892181,2,,,2
892193,2,,,1
892220,2,,,1
892221,2,,,1
892225,2,,,1
892230,2,,,1
892238,2,,,1
892336,2,,,2
892371,2,,,1
892378,2,,,1
892390,2,,,2
892396,2,,,2
892407,2,,,1
892428,2,,,1
892467,2,,,1
892610,2,,,2
892640,2,,,2
892670,2,,,2
892676,2,,,2
892684,2,,,1
892703,2,,,2
892710,2,,,1
892725,2,,,3
892736,2,,,2
892737,2,,,2
892739,2,,,3
892745,2,,,3
892838,2,,,1
892877,2,,,2
892881,2,,,2
892884,2,,,2
892887,3,,5000,1
892890,2,,,2
892894,2,,,2
892895,2,,,2
892925,2,,,1
892941,2,,,1
892972,3,,500,1
892980,2,,,4
892985,4,,,1
892995,2,,,2
893013,3,,6000,1
893016,2,,,2
893033,3,,70,2
893052,2,,,2
893062,2,,,1
893066,2,,,2
893076,2,,,1
893082,2,,,4
893173,2,,,1
893181,2,,,2
893214,2,,,2
893225,2,,,2
893226,2,,,2
893232,2,,,2
893236,2,,,2
893237,2,,,2
893240,2,,,2
893372,2,,,1
893384,2,,,1
893396,2,,,1
893402,2,,,1
893421,3,,10000,1
893424,2,,,1
893435,2,,,1
893439,2,,,1
893466,2,,,2
893480,2,,,2
893494,2,,,3
893497,2,,,3
893538,2,,,2
893579,2,,,2
893581,2,,,1
893673,2,,,2
893748,2,,,2
893891,2,,,1
893897,2,,,2
893971,2,,,1
893973,4,,,1
893990,2,,,1
894090,2,,,1
894093,2,,,2
894126,2,,,2
894133,2,,,2
894140,2,,,2
894143,2,,,2
894203,2,,,2
894208,2,,,4
894251,2,,,3
894260,1,12000,,1
894324,2,,,1
894327,2,,,1
894341,2,,,1
894430,4,,,4
894438,2,,,4
894447,4,,,4
894476,2,,,2
894504,2,,,1
894506,3,,2000,2
894508,2,,,2
894551,2,,,1
894561,2,,,2
894583,2,,,2
894587,3,,500,1
894607,3,,1000,1
894671,2,,,2
894682,2,,,2
894791,2,,,1
894792,3,,8000,2
894795,3,,3000,1
894797,3,,12000,1
894875,2,,,1
894884,2,,,1
894887,2,,,1
894924,2,,,2
894926,2,,,1
894946,2,,,2
894951,2,,,2
894956,2,,,2
894987,2,,,1
895030,2,,,1
895073,2,,,2
895076,2,,,2
895079,2,,,2
895086,2,,,2
895099,2,,,2
895106,2,,,2
895184,2,,,1
895194,2,,,2
895197,2,,,1
895204,2,,,2
895209,2,,,2
895238,4,,,2
895376,2,,,1
895382,2,,,1
895384,2,,,2
895423,2,,,2
895479,2,,,1
895512,2,,,2
895540,4,,,4
895624,2,,,4
895677,2,,,1
895679,4,,,1
895690,2,,,2
895730,2,,,1
895742,2,,,2
895757,2,,,3
895774,2,,,1
895776,2,,,2
895833,2,,,1
895837,2,,,1
895840,2,,,3
895849,2,,,2
895873,2,,,2
895876,2,,,2
895972,2,,,3
896060,2,,,1
896079,2,,,1
896124,3,,2500,3
896130,2,,,2
896277,2,,,1
896326,2,,,1
896341,2,,,2
896353,2,,,2
896365,2,,,1
896366,3,,10000,1
896378,2,,,2
896404,2,,,1
896413,2,,,1
896421,2,,,1
896432,3,,10000,1
896534,2,,,2
896539,2,,,2
896570,2,,,1
896576,2,,,1
896591,2,,,2
896594,5,,,5
896608,2,,,1
896627,4,,,4
896629,3,,1000,3
896749,2,,,2
896764,2,,,2
896842,2,,,2
896856,2,,,2
896875,2,,,1
896897,2,,,2
896902,2,,,1
896927,2,,,2
896981,2,,,2
896988,2,,,2
896995,2,,,2
896996,2,,,3
897030,2,,,1
897127,2,,,1
897134,2,,,1
897225,2,,,2
897226,2,,,2
897228,2,,,2
897263,2,,,1
897265,2,,,4
897397,2,,,2
897414,2,,,2
897435,2,,,2
897442,2,,,2
897572,2,,,2
897604,2,,,2
897616,2,,,2
897635,2,,,2
897636,2,,,2
897676,2,,,2
897683,2,,,2
897686,2,,,2
897705,2,,,3
897712,2,,,2
897713,2,,,2
897715,2,,,2
897782,2,,,2
897808,2,,,2
897828,2,,,2
897837,2,,,2
897853,3,,5000,1
897859,2,,,4
897870,2,,,1
897876,2,,,2
897893,4,,,4
897925,2,,,1
897935,5,,,1
897989,3,,3500,3
897995,2,,,1
898029,2,,,2
898032,2,,,2
898051,2,,,2
898053,2,,,2
898057,2,,,2
898071,2,,,2
898090,2,,,2
898138,2,,,1
898191,3,,8000,1
898208,2,,,2
898220,2,,,2
898288,2,,,4
898326,2,,,2
898380,2,,,1
898387,2,,,1
898390,2,,,4
898401,2,,,1
898416,4,,,1
898434,2,,,3
898442,2,,,3
898590,3,,1000,1
898591,2,,,2
898594,2,,,2
898633,2,,,2
898640,2,,,1
898659,2,,,2
898661,2,,,1
898667,2,,,1
898673,2,,,4
898674,2,,,1
898678,2,,,1
898680,2,,,1
898682,2,,,1
898699,2,,,4
898811,2,,,1
898816,3,,50,1
898823,3,,3000,2
898977,4,,,2
898985,2,,,2
898992,3,,400,1
898993,2,,,1
898999,2,,,2
899005,2,,,1
899032,2,,,1
899055,3,,5000,1
899076,2,,,2
899077,2,,,2
899079,2,,,1
899081,2,,,1
899140,2,,,1
899143,2,,,1
899144,2,,,2
899233,2,,,2
899248,2,,,2
899268,2,,,1
899301,2,,,2
899306,2,,,4
899437,2,,,2
899488,4,,,4
899500,4,,,1
899501,2,,,1
899536,2,,,2
899538,2,,,1
899539,2,,,1
899540,2,,,2
899546,2,,,2
899549,2,,,2
899553,2,,,2
899556,2,,,2
899558,2,,,2
899560,2,,,2
899562,2,,,2
899706,2,,,1
899730,2,,,3
899737,2,,,3
899895,2,,,2
899907,2,,,2
899922,3,,800,1
899998,2,,,2
900194,2,,,2
900216,2,,,2
900278,4,,,4
900315,3,,10000,1
900325,2,,,1
900339,2,,,1
900354,2,,,1
900364,2,,,2
900371,2,,,2
900486,2,,,2
900495,2,,,2
900573,2,,,1
900597,4,,,4
900605,2,,,2
900614,2,,,1
900618,2,,,1
900634,2,,,2
900638,2,,,2
900645,4,,,4
900654,3,,300,4
900670,3,,4200,4
900673,2,,,4
900696,2,,,1
900705,2,,,2
900719,2,,,2
900732,2,,,2
900796,2,,,1
900829,3,,9000,1
900837,3,,10000,1
900955,2,,,4
901051,2,,,1
901126,2,,,2
901402,2,,,1
901445,2,,,2
901448,2,,,2
901450,2,,,2
901454,2,,,2
901474,2,,,2
901477,2,,,4
901501,2,,,3
901516,2,,,1
901556,2,,,2
901582,2,,,2
901586,2,,,2
901608,2,,,2
901612,4,,,4
901635,2,,,1
901756,2,,,1
901761,2,,,2
901767,2,,,1
901800,2,,,1
901876,4,,,2
901879,2,,,4
901950,2,,,2
901952,2,,,2
901955,2,,,2
901960,2,,,2
901963,2,,,2
901965,2,,,2
901968,2,,,2
901977,2,,,2
901979,2,,,2
901984,2,,,2
902002,2,,,2
902006,2,,,2
902008,2,,,3
902009,2,,,2
902046,2,,,2
902047,2,,,2
902050,2,,,1
902242,2,,,2
902247,2,,,2
902252,2,,,2
902400,2,,,1
902401,2,,,1
902411,2,,,1
902417,2,,,1
902461,2,,,1
902550,2,,,2
902575,3,,2000,1
902673,2,,,1
902680,2,,,2
902712,2,,,2
902811,2,,,1
902869,2,,,1
902913,2,,,1
902915,2,,,2
902916,2,,,1
902947,2,,,1
902949,2,,,2
903018,2,,,1
903043,2,,,2
903045,2,,,2
903046,2,,,2
903052,2,,,2
903087,2,,,2
903157,2,,,2
903195,3,,5000,1
903255,2,,,4
903256,3,,1000,1
903272,2,,,1
903299,2,,,2
903302,2,,,2
903358,2,,,1
903363,2,,,1
903368,2,,,5
903373,2,,,1
903376,3,,2500,1
903424,2,,,1
903428,2,,,2
903508,2,,,2
903523,2,,,2
903613,2,,,2
903656,5,,,4
903660,2,,,4
903732,2,,,2
903735,2,,,1
903742,3,,500,1
903754,2,,,2
903768,2,,,1
903770,2,,,2
903873,3,,100,3
903904,2,,,4
904014,2,,,1
904055,2,,,2
904058,2,,,2
904068,2,,,2
904104,2,,,4
904108,2,,,4
904114,2,,,1
904116,4,,,4
904128,2,,,2
904160,2,,,1
904164,2,,,2
904209,2,,,1
904236,2,,,1
904242,2,,,2
904245,2,,,2
904257,2,,,1
904259,2,,,1
904261,2,,,1
904323,2,,,2
904480,2,,,1
904491,2,,,2
904510,2,,,1
904577,2,,,2
904580,2,,,1
904583,2,,,2
904587,2,,,1
904723,2,,,1
904726,2,,,1
904730,2,,,1
904732,2,,,1
904735,2,,,1
904743,2,,,1
904805,2,,,1
904807,2,,,2
904816,4,,,4
904828,2,,,1
904878,2,,,2
904888,2,,,2
904902,2,,,2
904907,2,,,2
904927,2,,,2
904944,2,,,1
904945,1,600,,3
904956,2,,,2
905025,2,,,1
905067,3,,2000,1
905069,2,,,4
905073,3,,500,1
905076,2,,,4
905085,2,,,1
905113,2,,,1
905115,2,,,2
905119,2,,,2
905122,2,,,2
905136,2,,,2
905137,2,,,1
905140,2,,,2
905156,2,,,2
905165,4,,,4
905170,2,,,4
905171,2,,,2
905213,2,,,1
905217,3,,10000,1
905220,3,,8000,1
905269,2,,,2
905311,2,,,1
905387,2,,,1
905415,2,,,1
905418,2,,,2
905429,2,,,2
905470,2,,,1
905472,2,,,1
905497,2,,,1
905635,2,,,1
905640,3,,150000,1
905662,2,,,1
905718,2,,,1
905725,2,,,1
905726,2,,,2
905729,5,,,5
905772,2,,,1
905836,2,,,2
905847,2,,,2
905851,2,,,2
905859,2,,,1
905913,2,,,1
905914,2,,,1
905922,2,,,1
905925,2,,,1
906014,2,,,2
906015,3,,1000,1
906027,2,,,2
906031,2,,,2
906033,2,,,2
906038,2,,,2
906046,3,,1200,1
906048,2,,,2
906049,2,,,2
906069,2,,,1
906080,2,,,1
906126,2,,,1
906164,2,,,1
906200,3,,10000,2
906210,2,,,2
906265,2,,,1
906266,2,,,1
906276,2,,,1
906329,2,,,1
906344,2,,,1
906362,2,,,1
906415,3,,500,2
906427,2,,,2
906436,2,,,2
906438,2,,,1
906466,2,,,2
906503,3,,5000,3
906514,2,,,1
906532,2,,,1
906538,2,,,2
906545,2,,,1
906555,2,,,1
906566,2,,,2
906624,2,,,1
906629,2,,,1
906633,3,,12000,1
906647,2,,,2
906690,2,,,1
906726,2,,,1
906885,2,,,2
906887,2,,,2
906891,2,,,4
906946,2,,,1
906948,2,,,2
907074,2,,,2
907076,3,,5000,2
907084,2,,,2
907123,2,,,1
907282,2,,,3
907338,2,,,2
907353,2,,,2
907373,2,,,2
907387,2,,,2
907389,2,,,2
907396,3,,2000,2
907397,2,,,3
907399,3,,250,3
907434,2,,,2
907437,2,,,2
907441,2,,,2
907490,2,,,1
907535,2,,,2
907536,2,,,2
907544,2,,,2
907560,2,,,2
907570,2,,,1
907575,2,,,2
907591,2,,,2
907607,2,,,1
907609,2,,,2
907614,2,,,1
907637,2,,,4
907644,3,,20000,2
907648,2,,,1
907674,2,,,2
907692,2,,,2
907711,2,,,1
907715,2,,,2
907726,2,,,1
907738,2,,,1
907776,2,,,1
907777,2,,,2
907789,2,,,1
907795,4,,,4
907808,2,,,2
907846,2,,,1
907852,2,,,2
907882,2,,,2
907890,4,,,1
907891,4,,,4
907941,2,,,3
907944,2,,,2
907946,3,,500,2
907954,2,,,2
907985,2,,,1
908005,2,,,4
908051,2,,,1
908053,2,,,2
908054,3,,5000,4
908194,2,,,2
908208,2,,,4
908214,2,,,2
908344,2,,,1
908360,2,,,1
908384,2,,,2
908391,2,,,2
908407,2,,,2
908414,2,,,2
908498,2,,,2
908504,2,,,2
908506,2,,,2
908508,2,,,2
908513,2,,,2
908516,2,,,1
908519,2,,,1
908521,2,,,2
908530,2,,,2
908531,2,,,2
908533,2,,,2
908544,4,,,4
908553,4,,,1
908566,2,,,1
908589,2,,,1
908619,2,,,1
908654,2,,,2
908691,2,,,1
908706,2,,,1
908711,2,,,1
908787,2,,,1
908843,2,,,1
908864,2,,,1
908952,2,,,2
908956,2,,,2
908973,3,,50,1
909006,2,,,1
909050,3,,20000,2
909096,2,,,1
909112,2,,,2
909113,2,,,2
909120,2,,,2
909125,2,,,2
909133,2,,,2
909188,2,,,2
909190,2,,,2
909236,2,,,2
909244,2,,,1
909250,2,,,1
909256,2,,,2
909259,2,,,2
909285,2,,,1
909389,4,,,4
909390,2,,,2
909399,2,,,2
909401,2,,,2
909441,2,,,1
909442,2,,,1
909460,2,,,1
909471,2,,,1
909480,3,,9000,2
909493,2,,,1
909502,3,,300,1
909540,3,,500,1
909543,3,,200,1
909554,2,,,3
909559,3,,1000,2
909562,2,,,1
909609,2,,,2
909623,2,,,2
909624,2,,,2
909632,2,,,1
909636,2,,,1
909639,2,,,1
909640,2,,,1
909643,2,,,1
909644,2,,,1
909645,2,,,1
909647,2,,,2
909652,2,,,1
909653,2,,,1
909663,2,,,1
909666,2,,,1
909668,2,,,1
909671,2,,,1
909680,2,,,1
909682,2,,,1
909695,2,,,1
909696,2,,,1
909700,2,,,1
909703,3,,10000,1
909705,2,,,1
909706,2,,,1
909708,2,,,1
909710,2,,,1
909713,2,,,2
909714,2,,,1
909720,2,,,1
909726,2,,,1
909727,2,,,1
909728,2,,,1
909732,2,,,1
909737,2,,,1
909744,2,,,1
909745,2,,,1
909752,2,,,1
909753,2,,,1
909754,3,,1500,1
909766,2,,,1
909770,2,,,1
909772,2,,,1
909774,4,,,1
909775,2,,,2
909780,3,,500,1
909783,3,,500,1
909790,2,,,2
909794,2,,,1
909798,4,,,1
909800,2,,,1
909802,2,,,1
909810,2,,,4
909813,2,,,2
909830,4,,,5
909847,2,,,4
909856,2,,,2
909869,3,,700,1
909884,2,,,2
909900,2,,,2
909905,2,,,2
909914,2,,,2
909926,3,,5000,4
909951,2,,,1
909952,3,,14000,2
909956,2,,,1
909958,2,,,1
909978,3,,15000,2
909988,3,,500,4
909993,3,,6000,1
909996,2,,,1
909997,2,,,2
910001,2,,,1
910009,2,,,1
910010,2,,,1
910011,2,,,1
910013,3,,2000,1
910016,2,,,2
910018,3,,2000,1
910021,2,,,1
910041,2,,,1
910042,2,,,1
910045,2,,,1
910046,2,,,1
910051,2,,,1
910057,2,,,1
910060,2,,,1
910061,2,,,1
910065,2,,,1
910067,2,,,1
910087,2,,,1
910093,2,,,1
910094,2,,,1
910096,2,,,1
910100,2,,,1
910102,2,,,1
910104,2,,,1
910105,2,,,1
910106,2,,,1
910107,2,,,1
910108,2,,,1
910148,2,,,2
910150,2,,,2
910152,2,,,2
910153,2,,,2
910154,2,,,2
910155,3,,12000,1
910156,2,,,2
910160,2,,,2
910164,2,,,2
910166,2,,,2
910167,2,,,2
910169,3,,6000,1
910172,2,,,2
910173,2,,,2
910175,2,,,2
910176,2,,,1
910178,2,,,1
910180,2,,,1
910183,2,,,1
910186,2,,,1
910187,2,,,1
910190,2,,,1
910191,2,,,1
910194,2,,,1
910199,2,,,3
910208,2,,,1
910214,2,,,1
910216,2,,,4
910218,2,,,1
910220,2,,,4
910225,2,,,1
910226,2,,,1
910229,2,,,2
910231,2,,,1
910236,2,,,1
910237,2,,,1
910238,2,,,1
910250,2,,,1
910251,2,,,2
910266,2,,,1
910268,2,,,1
910272,2,,,1
910274,2,,,2
910278,3,,100,1
910285,2,,,1
910296,2,,,2
910297,2,,,1
910304,2,,,1
910305,2,,,1
910312,2,,,1
910316,2,,,1
910326,2,,,2
910335,2,,,1
910338,2,,,2
910350,2,,,1
910351,2,,,2
910356,2,,,2
910357,2,,,2
910358,2,,,3
910364,2,,,1
910368,2,,,4
910373,2,,,1
910376,2,,,2
910377,2,,,1
910386,2,,,2
910394,2,,,1
910398,2,,,1
910409,2,,,1
910413,2,,,1
910415,2,,,1
910420,3,,500,4
910422,2,,,1
910433,2,,,1
910440,2,,,2
910458,2,,,4
910459,2,,,1
910463,2,,,1
910465,2,,,1
910466,2,,,1
910472,2,,,2
910475,2,,,1
910476,2,,,1
910480,2,,,1
910482,2,,,1
910483,2,,,1
910484,2,,,1
910485,2,,,1
910488,2,,,1
910492,2,,,1
910493,2,,,1
910503,2,,,1
910504,2,,,1
910509,2,,,1
910511,2,,,1
910513,2,,,1
910514,2,,,1
910518,2,,,1
910519,2,,,1
910523,2,,,5
910525,2,,,2
910528,2,,,2
910542,3,,20000,1
910555,3,,3000,2
910556,2,,,2
910561,2,,,1
910564,2,,,4
910565,3,,3000,2
910566,3,,2000,1
910567,5,,,5
910570,2,,,3
910571,4,,,4
910573,2,,,3
910584,3,,3000,3
910585,4,,,4
910586,2,,,2
910596,4,,,4
910598,4,,,4
910599,4,,,4
910605,2,,,1
910607,2,,,3
910608,3,,1000,4
910610,4,,,4
910615,3,,300,3
910618,2,,,2
910621,4,,,4
910624,5,,,5
910626,2,,,3
910629,4,,,4
910632,2,,,4
910633,2,,,3
910637,2,,,4
910639,4,,,4
910641,2,,,3
910644,3,,3000,2
910646,2,,,2
910647,4,,,4
910648,4,,,4
910649,2,,,2
910651,4,,,4
910652,4,,,4
910657,2,,,2
910659,2,,,1
910661,4,,,4
910662,2,,,2
910666,5,,,5
910672,2,,,2
910675,2,,,2
910676,2,,,2
910680,2,,,3
910681,2,,,1
910685,3,,8000,1
910686,3,,800,4
910697,2,,,3
910701,4,,,4
910703,3,,2000,3
910709,2,,,3
910714,2,,,4
910715,4,,,4
910722,4,,,4
910727,5,,,5
910749,2,,,2
910753,2,,,1
910757,1,10000,,2
910795,2,,,1
910800,2,,,1
910804,2,,,1
910805,2,,,1
910807,2,,,1
910809,2,,,1
910814,2,,,1
910816,2,,,1
910817,2,,,1
910819,2,,,1
910827,2,,,1
910833,2,,,1
910835,2,,,2
910838,2,,,1
910839,2,,,1
910841,2,,,2
910842,2,,,2
910852,2,,,2
910855,2,,,1
910859,2,,,1
910860,2,,,1
910873,2,,,2
910874,4,,,1
910882,2,,,2
910883,2,,,2
910885,2,,,2
910886,2,,,2
910888,2,,,2
910890,2,,,2
910933,4,,,1
910934,2,,,4
910937,2,,,2
910940,2,,,4
910943,2,,,2
910949,4,,,1
910951,4,,,1
910964,2,,,2
910974,2,,,1
910981,4,,,4
910983,2,,,1
910984,2,,,1
910985,2,,,1
910994,2,,,1
910997,2,,,1
910999,2,,,1
911004,2,,,1
911005,3,,5000,1
911007,2,,,1
911011,4,,,4
911016,2,,,1
911029,2,,,1
911030,3,,300,1
911033,2,,,1
911034,2,,,1
911038,2,,,3
911044,4,,,1
911047,4,,,4
911048,3,,20000,1
911061,2,,,1
911067,2,,,1
911068,4,,,4
911070,2,,,1
911071,2,,,1
911078,2,,,1
911082,3,,20000,1
911083,2,,,1
911085,4,,,1
911086,4,,,5
911087,2,,,1
911093,2,,,1
911097,2,,,1
911115,3,,12000,2
911116,2,,,1
911117,2,,,1
911118,2,,,1
911119,2,,,1
911120,2,,,1
911122,1,2000,,1
911125,3,,2000,2
911133,2,,,2
911158,2,,,1
911164,2,,,1
911168,5,,,1
911175,2,,,1
911178,2,,,1
911188,2,,,1
911205,2,,,1
911211,2,,,1
911219,2,,,1
911233,2,,,1
911241,2,,,2
911242,2,,,2
911246,2,,,1
911248,2,,,2
911268,2,,,2
911289,2,,,2
911290,2,,,2
911291,2,,,2
911296,2,,,2
911298,2,,,2
911299,2,,,2
911306,2,,,2
911309,2,,,2
911312,2,,,2
911320,2,,,2
911327,2,,,2
911328,2,,,2
911332,2,,,1
911338,2,,,2
911344,2,,,2
911350,2,,,3
911351,2,,,2
911353,2,,,5
911364,2,,,2
911366,3,,10000,2
911371,3,,5000,1
911377,2,,,2
911382,2,,,2
911383,2,,,2
911384,2,,,2
911385,2,,,2
911386,2,,,2
911394,2,,,1
911418,2,,,2
911419,2,,,2
911422,2,,,1
911423,2,,,1
911425,2,,,1
911426,2,,,1
911428,2,,,3
911432,2,,,1
911433,2,,,3
911445,2,,,3
911448,2,,,1
911460,2,,,1
911461,2,,,2
911466,2,,,1
911467,2,,,1
911470,2,,,2
911479,2,,,2
911482,2,,,1
911485,2,,,2
911509,2,,,1
911512,2,,,2
911513,2,,,2
911516,2,,,2
911522,2,,,1
911528,2,,,2
911531,2,,,1
911534,2,,,1
911547,2,,,1
911563,2,,,2
911566,2,,,2
911568,2,,,2
911570,2,,,2
911578,2,,,1
911579,2,,,2
911580,2,,,1
911605,3,,3000,2
911606,2,,,2
911607,2,,,1
911608,2,,,2
911609,2,,,2
911621,2,,,2
911631,2,,,2
911638,2,,,1
911652,2,,,1
911679,2,,,2
911681,2,,,1
911689,5,,,4
911703,3,,8000,4
911706,2,,,2
911727,2,,,2
911729,2,,,2
911743,2,,,2
911748,3,,3000,4
911751,3,,10000,1
911758,2,,,3
911765,2,,,4
911795,2,,,2
911808,2,,,2
911811,2,,,2
911816,2,,,2
911821,2,,,2
911823,2,,,2
911824,2,,,2
911849,3,,8000,4
911850,5,,,5
911851,2,,,2
911854,2,,,1
911858,3,,800,1
911864,3,,12000,1
911867,3,,8000,1
911871,2,,,1
911883,3,,4000,1
911886,2,,,1
911888,2,,,2
911889,2,,,1
911898,2,,,2
911900,2,,,2
911901,2,,,1
911911,3,,1000,1
911913,3,,8000,1
911914,3,,150,4
911917,3,,20000,1
911918,2,,,1
911919,2,,,1
911922,2,,,1
911923,3,,15000,1
911926,3,,1000,1
911932,2,,,2
911937,2,,,2
911938,2,,,1
911940,2,,,4
911947,2,,,2
911950,2,,,1
911952,2,,,1
911956,2,,,1
911960,2,,,2
911962,2,,,2
911963,2,,,2
911966,2,,,2
911972,3,,7000,1
911976,3,,6000,1
911977,3,,12000,2
911983,2,,,2
911992,2,,,2
911993,2,,,1
911994,2,,,1
911997,2,,,1
911999,3,,100,2
912001,2,,,1
912017,2,,,1
912020,2,,,1
912022,2,,,2
912030,3,,10000,1
912033,3,,5000,1
912042,2,,,1
912051,2,,,2
912054,2,,,2
912087,2,,,2
912095,2,,,2
912096,2,,,2
912104,2,,,2
912134,2,,,1
912142,4,,,2
912146,2,,,2
912147,2,,,1
912148,2,,,1
912150,4,,,4
912151,2,,,1
912154,2,,,5
912165,4,,,4
912173,2,,,1
912185,2,,,1
912192,2,,,2
912205,2,,,2
912209,2,,,2
912210,2,,,2
912214,2,,,2
912216,4,,,4
912220,3,,2000,1
912222,2,,,1
912223,2,,,1
912227,2,,,1
912229,2,,,1
912241,2,,,4
912258,2,,,1
912261,2,,,1
912262,2,,,2
912266,4,,,4
912267,4,,,4
912270,4,,,4
912271,2,,,1
912273,2,,,2
912274,3,,600,1
912281,2,,,2
912290,2,,,2
912292,3,,500,1
912310,2,,,1
912313,2,,,2
912315,3,,500,1
912335,2,,,1
912336,2,,,2
912338,2,,,2
912342,3,,4000,1
912351,2,,,2
912360,2,,,2
912362,2,,,2
912364,2,,,2
912367,2,,,2
912368,2,,,2
912372,2,,,2
912376,2,,,2
912377,2,,,1
912382,2,,,2
912385,2,,,2
912398,3,,10000,1
912400,2,,,2
912409,2,,,2
912411,3,,15000,4
912441,2,,,2
912444,2,,,2
912445,2,,,2
912446,2,,,4
912449,2,,,2
912451,2,,,2
912452,2,,,2
912453,2,,,2
912456,2,,,2
912459,2,,,2
912467,2,,,1
912473,2,,,1
912476,2,,,2
912482,2,,,1
912488,2,,,1
912493,2,,,1
912494,2,,,2
912495,2,,,1
912497,2,,,1
912500,2,,,2
912501,2,,,1
912502,3,,5000,1
912504,2,,,1
912515,2,,,1
912535,2,,,1
912536,3,,8500,1
912538,2,,,1
912540,2,,,2
912541,2,,,2
912543,2,,,2
912552,2,,,1
912555,2,,,2
912560,2,,,1
912561,2,,,2
912562,2,,,2
912563,2,,,2
912565,2,,,4
912566,2,,,1
912568,2,,,1
912571,2,,,1
912591,2,,,2
912593,2,,,1
912594,2,,,1
912597,2,,,2
912615,2,,,1
912630,2,,,1
912631,2,,,2
912634,2,,,1
912635,2,,,2
912637,2,,,2
912638,2,,,1
912639,2,,,2
912640,2,,,1
912642,2,,,1
912646,2,,,1
912647,2,,,2
912649,2,,,2
912651,2,,,2
912652,2,,,2
912653,2,,,2
912656,2,,,1
912661,2,,,2
912662,3,,8000,1
912663,2,,,3
912664,2,,,1
912666,2,,,1
912667,2,,,2
912673,2,,,2
912680,2,,,2
912681,2,,,2
912682,2,,,1
912686,2,,,1
912689,2,,,2
912694,2,,,1
912696,2,,,1
912699,2,,,2
912700,2,,,1
912701,2,,,2
912716,2,,,2
912717,2,,,1
912721,2,,,2
912731,2,,,1
912737,3,,4000,2
912740,2,,,1
912751,2,,,4
912759,2,,,1
912761,2,,,1
912768,2,,,4
912773,3,,1200,1
912778,2,,,1
912779,2,,,2
912793,2,,,1
912798,2,,,2
912799,2,,,1
912810,3,,3000,1
912813,2,,,1
912815,2,,,1
912821,2,,,4
912840,2,,,1
912841,2,,,1
912848,3,,2500,1
912849,2,,,2
912854,2,,,1
912861,2,,,1
912870,2,,,1
912883,4,,,3
912888,2,,,1
912891,2,,,1
912892,2,,,1
912896,3,,300,1
912897,2,,,2
912898,3,,200,1
912899,3,,500,4
912900,2,,,2
912903,4,,,2
912905,2,,,3
912906,2,,,1
912912,2,,,1
912913,2,,,2
912926,2,,,1
912928,2,,,2
912935,3,,5000,1
912936,2,,,1
912938,3,,10000,1
912941,2,,,1
912944,3,,10000,2
912946,3,,6000,1
912947,2,,,2
912956,3,,500,1
912960,3,,500,1
912964,2,,,1
912968,2,,,2
912977,3,,5000,1
912979,2,,,2
912986,1,3000,,3
912999,2,,,2
913002,2,,,1
913004,2,,,1
913010,3,,10000,4
913012,3,,3000,1
913024,2,,,2
913028,1,2000,,1
913030,2,,,1
913031,2,,,2
913033,2,,,1
913034,2,,,1
913040,4,,,1
913046,1,2000,,2
913061,2,,,1
913064,2,,,1
913065,2,,,1
913067,2,,,1
913069,2,,,1
913070,2,,,1
913072,2,,,1
913076,2,,,1
913080,2,,,1
913084,2,,,1
913107,2,,,1
913109,2,,,2
913112,2,,,2
913113,2,,,1
913116,2,,,2
913117,2,,,1
913118,2,,,2
913119,2,,,1
913147,3,,3000,4
913151,2,,,1
913155,2,,,2
913156,3,,1500,1
913157,2,,,1
913158,3,,15000,1
913159,3,,4000,1
913161,2,,,1
913165,2,,,1
913167,2,,,2
913173,3,,10000,1
913196,2,,,1
913200,2,,,4
913202,2,,,1
913203,2,,,1
913207,2,,,1
913208,2,,,1
913211,3,,4000,1
913212,2,,,1
913216,2,,,1
913224,2,,,1
913227,2,,,1
913228,2,,,1
913229,2,,,1
913236,2,,,2
913237,2,,,1
913243,2,,,1
913245,2,,,4
913246,2,,,3
913250,2,,,4
913253,2,,,1
913254,2,,,2
913259,2,,,2
913260,2,,,2
913270,2,,,2
913293,2,,,1
913299,2,,,2
913300,2,,,2
913302,2,,,3
913307,2,,,3
913313,2,,,2
913316,2,,,1
913320,2,,,1
913321,2,,,2
913322,2,,,1
913323,2,,,3
913324,2,,,1
913325,2,,,3
913326,2,,,2
913329,2,,,2
913330,3,,6000,1
913331,2,,,2
913345,2,,,1
913346,2,,,2
913349,2,,,2
913363,2,,,2
913377,2,,,1
913384,2,,,1
913395,2,,,1
913396,3,,3000,1
913403,2,,,1
913404,2,,,4
913408,2,,,1
913412,2,,,1
913414,2,,,1
913415,3,,2000,1
913418,2,,,1
913420,2,,,1
913424,2,,,1
913430,2,,,1
913434,2,,,2
913445,3,,100,4
913447,2,,,3
913451,2,,,2
913460,2,,,1
913468,3,,5000,2
913470,2,,,1
913471,2,,,2
913472,3,,7000,1
913474,3,,10000,1
913481,2,,,1
913482,3,,5000,1
913485,3,,3600,1
913486,2,,,2
913487,3,,15000,1
913494,2,,,1
913499,2,,,1
913500,3,,5000,1
913502,2,,,2
913505,2,,,1
913508,2,,,1
913514,2,,,1
913519,2,,,1
913522,2,,,3
913523,2,,,1
913527,2,,,4
913537,2,,,3
913538,2,,,1
913548,2,,,4
913556,2,,,2
913558,2,,,1
913559,2,,,1
913560,2,,,1
913564,2,,,1
913567,2,,,1
913573,2,,,1
913576,2,,,2
913577,2,,,1
913578,4,,,1
913580,2,,,1
913582,2,,,1
913588,2,,,1
913589,2,,,2
913595,2,,,1
913604,2,,,1
913611,2,,,1
913612,2,,,4
913613,2,,,1
913625,2,,,1
913632,2,,,1
913638,2,,,1
913640,2,,,1
913645,4,,,2
913646,2,,,2
913647,4,,,2
913651,2,,,2
913654,2,,,1
913656,2,,,1
913658,2,,,4
913660,2,,,4
913662,2,,,2
913668,2,,,2
913669,2,,,4
913675,4,,,2
913681,2,,,2
913701,2,,,4
913732,2,,,2
913738,3,,1000,2
913739,2,,,2
913742,2,,,2
913752,2,,,2
913754,2,,,2
913766,2,,,2
913767,2,,,2
913768,4,,,4
913777,2,,,2
913779,2,,,2
913780,2,,,2
913783,2,,,2
913784,2,,,2
913785,2,,,2
913786,2,,,2
913787,2,,,2
913788,2,,,2
913821,2,,,2
913822,2,,,2
913825,2,,,2
913826,2,,,2
913827,2,,,2
913830,3,,8000,1
913832,3,,1000,2
913833,2,,,2
913874,2,,,1
913876,2,,,2
913878,2,,,2
913882,2,,,2
913889,2,,,2
913892,2,,,2
913902,2,,,1
913909,2,,,1
913912,2,,,2
913913,2,,,2
913925,2,,,1
913926,2,,,2
913929,2,,,1
913932,2,,,2
913933,2,,,2
913934,2,,,2
913939,2,,,2
913946,2,,,2
913950,2,,,2
913951,2,,,1
913953,2,,,1
913954,2,,,1
913956,2,,,1
913957,2,,,2
913959,2,,,2
913961,2,,,1
913962,2,,,1
913965,2,,,2
913966,2,,,1
914003,2,,,1
914005,2,,,2
914006,2,,,1
914007,2,,,2
914009,2,,,2
914010,2,,,2
914011,2,,,1
914018,2,,,2
914023,2,,,2
914047,2,,,2
914051,2,,,2
914055,2,,,2
914056,2,,,2
914059,2,,,2
914060,2,,,1
914073,3,,6000,2
914091,2,,,2
914094,2,,,4
914097,2,,,2
914098,2,,,2
914102,2,,,2
914104,2,,,1
914105,2,,,2
914106,2,,,2
914107,2,,,2
914110,2,,,2
914113,2,,,2
914137,2,,,4
914138,2,,,2
914141,2,,,2
914143,2,,,2
914144,2,,,1
914148,2,,,2
914149,2,,,2
914150,2,,,2
914154,2,,,2
914169,2,,,2
914181,2,,,2
914183,5,,,5
914185,2,,,4
914186,2,,,2
914187,2,,,1
914188,2,,,2
914190,2,,,2
914191,2,,,2
914231,2,,,1
914243,2,,,2
914244,2,,,2
914248,2,,,2
914257,2,,,2
914258,3,,2500,1
914260,2,,,2
914263,2,,,2
914265,2,,,2
914271,2,,,1
914275,2,,,1
914280,2,,,1
914286,2,,,1
914287,2,,,1
914288,2,,,2
914316,2,,,1
914317,2,,,1
914323,2,,,1
914324,2,,,2
914325,2,,,1
914327,2,,,2
914333,2,,,2
914335,2,,,2
914363,2,,,1
914367,2,,,1
914369,2,,,1
914375,2,,,2
914377,2,,,1
914381,2,,,1
914383,2,,,2
914406,2,,,1
914408,2,,,1
914409,2,,,2
914410,2,,,1
914411,2,,,1
914414,2,,,2
914421,2,,,1
914451,2,,,1
914454,2,,,1
914456,2,,,1
914457,2,,,1
914459,2,,,1
914460,2,,,2
914461,2,,,1
914500,2,,,1
914507,2,,,1
914508,2,,,1
914509,2,,,2
914510,2,,,2
914518,2,,,1
914520,3,,2000,2
914525,2,,,2
914528,2,,,1
914529,2,,,1
914541,2,,,1
914546,4,,,4
914547,2,,,2
914551,2,,,4
914590,2,,,1
914602,2,,,2
914607,2,,,1
914608,2,,,1
914611,2,,,1
914612,2,,,2
914620,2,,,1
914621,2,,,1
914629,2,,,1
914630,2,,,1
914631,2,,,2
914633,2,,,1
914635,3,,2000,1
914637,2,,,1
914640,2,,,1
914646,2,,,1
914654,2,,,3
914657,2,,,1
914667,2,,,1
914677,2,,,1
914680,3,,1000,1
914687,2,,,2
914699,3,,2000,2
914701,2,,,1
914704,3,,700,1
914706,2,,,1
914710,2,,,1
914712,2,,,3
914715,2,,,1
914716,2,,,1
914717,3,,5000,3
914718,2,,,2
914721,2,,,1
914722,2,,,2
914733,2,,,2
914735,2,,,1
914736,2,,,1
914742,2,,,1
914760,2,,,1
914761,2,,,2
914763,2,,,2
914774,2,,,1
914776,2,,,2
914784,2,,,1
914789,2,,,1
914798,3,,10000,1
914800,2,,,1
914801,2,,,1
914806,2,,,1
914815,2,,,1
914828,2,,,1
914844,2,,,1
914849,3,,10000,1
914853,2,,,1
914859,3,,4000,1
914861,2,,,1
914864,2,,,1
914874,2,,,4
914875,2,,,2
914877,2,,,2
914881,2,,,1
914894,2,,,2
914900,2,,,1
914902,2,,,1
914912,2,,,1
914913,2,,,1
914914,2,,,1
914922,2,,,4
914934,2,,,2
914956,2,,,2
914962,2,,,2
914966,2,,,2
914967,2,,,2
914977,3,,1000,4
914979,4,,,4
914980,3,,1200,1
914984,2,,,2
915002,2,,,1
915004,2,,,1
915005,2,,,2
915006,2,,,1
915008,2,,,1
915010,2,,,1
915011,2,,,1
915013,2,,,2
915016,2,,,1
915017,2,,,2
915018,2,,,1
915047,2,,,2
915049,2,,,2
915051,2,,,4
915053,4,,,1
915072,2,,,4
915091,2,,,3
915092,2,,,1
915096,2,,,1
915097,2,,,2
915099,2,,,1
915100,2,,,1
915104,2,,,1
915106,2,,,2
915107,2,,,2
915110,2,,,2
915113,2,,,2
915117,2,,,2
915155,2,,,1
915159,2,,,1
915161,2,,,1
915163,2,,,2
915165,2,,,1
915166,2,,,1
915171,2,,,1
915175,2,,,2
915183,3,,3000,2
915186,2,,,3
915197,3,,10000,1
915202,3,,400,4
915203,2,,,1
915212,2,,,2
915224,2,,,4
915226,2,,,2
915234,3,,15000,1
915236,2,,,1
915242,2,,,1
915243,2,,,1
915246,2,,,2
915250,2,,,3
915251,2,,,2
915271,3,,500,1
915272,3,,1000,2
915287,2,,,4
915291,2,,,2
915317,2,,,2
915318,2,,,3
915320,2,,,1
915327,3,,2000,3
915329,2,,,2
915335,2,,,2
915336,2,,,2
915338,2,,,2
915361,2,,,1
915368,2,,,1
915372,2,,,1
915377,2,,,1
915394,2,,,1
915411,2,,,2
915412,2,,,2
915413,2,,,2
915415,2,,,2
915416,2,,,1
915421,2,,,2
915423,2,,,2
915426,2,,,2
915427,2,,,2
915429,2,,,1
915432,2,,,1
915433,2,,,2
915454,2,,,1
915455,2,,,1
915457,2,,,2
915460,2,,,1
915462,2,,,1
915468,3,,10000,1
915470,2,,,1
915481,2,,,1
915486,2,,,2
915488,2,,,2
915492,2,,,1
915506,2,,,1
915507,2,,,1
915513,2,,,1
915516,2,,,2
915528,2,,,3
915529,1,2000,,1
915550,2,,,2
915551,2,,,2
915553,2,,,2
915558,2,,,2
915569,2,,,2
915571,2,,,1
915578,2,,,2
915580,2,,,1
915589,2,,,1
915629,2,,,1
915632,2,,,1
915636,2,,,1
915637,2,,,1
915638,2,,,1
915639,2,,,1
915646,2,,,1
915653,2,,,1
915678,2,,,1
915680,2,,,2
915684,2,,,2
915691,2,,,2
915692,2,,,1
915695,2,,,1
915697,4,,,4
915698,2,,,2
915705,4,,,2
915707,4,,,4
915723,2,,,4
915724,2,,,2
915725,2,,,2
915728,2,,,4
915729,2,,,2
915730,2,,,2
915732,2,,,4
915737,2,,,2
915743,2,,,2
915746,2,,,2
915767,2,,,1
915768,2,,,4
915774,2,,,2
915775,2,,,1
915776,2,,,1
915784,2,,,2
915786,2,,,2
915789,3,,50,1
915819,3,,20000,1
915822,2,,,1
915826,2,,,2
915844,2,,,2
915849,2,,,2
915856,2,,,1
915857,3,,1500,1
915860,2,,,1
915866,2,,,2
915868,2,,,1
915871,2,,,1
915875,2,,,1
915882,3,,10000,1
915885,2,,,1
915895,2,,,2
915896,3,,3000,1
915897,2,,,1
915902,2,,,2
915909,3,,6000,1
915914,2,,,1
915931,2,,,1
915943,2,,,1
915992,2,,,1
915996,2,,,2
915999,2,,,1
916005,2,,,2
916011,2,,,1
916012,2,,,2
916036,2,,,1
916044,1,40000,,2
916047,2,,,1
916052,2,,,1
916072,2,,,1
916083,2,,,2
916086,2,,,1
916098,2,,,2
916112,2,,,1
916122,2,,,2
916128,2,,,1
916136,2,,,1
916137,2,,,1
916138,2,,,1
916147,2,,,1
916149,2,,,1
916170,2,,,1
916173,3,,1000,1
916176,2,,,2
916196,2,,,1
916199,2,,,1
916201,2,,,1
916205,2,,,2
916218,2,,,2
916219,2,,,1
916222,4,,,1
916231,2,,,2
916239,2,,,4
916252,2,,,1
916254,2,,,2
916266,2,,,1
916275,2,,,1
916277,2,,,4
916297,2,,,1
916306,2,,,2
916310,2,,,2
916313,2,,,2
916318,2,,,1
916325,2,,,2
916339,2,,,2
916342,2,,,2
916344,2,,,1
916369,2,,,1
916370,2,,,2
916373,2,,,1
916374,2,,,2
916384,2,,,1
916388,2,,,1
916404,2,,,1
916406,3,,600,4
916409,3,,12000,1
916416,2,,,1
916419,2,,,2
916435,2,,,2
916439,5,,,5
916449,2,,,1
916450,2,,,1
916451,2,,,1
916452,2,,,2
916455,2,,,2
916466,2,,,1
916482,2,,,2
916491,2,,,2
916499,2,,,1
916506,4,,,4
916507,2,,,2
916517,2,,,2
916518,2,,,2
916522,2,,,1
916527,2,,,2
916528,2,,,2
916529,2,,,2
916530,5,,,5
916535,2,,,1
916537,5,,,5
916543,2,,,2
916554,4,,,4
916558,2,,,1
916562,3,,700,2
916564,2,,,2
916577,2,,,4
916583,2,,,2
916586,2,,,2
916588,2,,,1
916602,2,,,1
916603,2,,,1
916604,2,,,2
916605,1,6000,,3
916612,2,,,1
916613,4,,,4
916619,4,,,4
916625,3,,10000,1
916626,2,,,1
916630,3,,12000,1
916634,2,,,4
916635,5,,,5
916642,2,,,1
916649,5,,,5
916658,2,,,1
916659,2,,,4
916667,2,,,2
916674,2,,,1
916677,2,,,2
916679,2,,,2
916680,2,,,1
916682,2,,,2
916689,2,,,2
916692,2,,,1
916693,2,,,1
916694,2,,,2
916697,2,,,1
916698,2,,,2
916702,2,,,2
916703,2,,,1
916704,2,,,2
916708,2,,,1
916711,2,,,2
916712,2,,,1
916716,2,,,2
916718,2,,,2
916726,2,,,2
916728,2,,,2
916729,3,,15000,1
916731,3,,3500,1
916737,2,,,2
916738,5,,,5
916765,2,,,1
916779,2,,,2
916781,2,,,2
916785,2,,,2
916787,2,,,2
916793,2,,,2
916794,2,,,2
916803,2,,,2
916805,2,,,1
916809,2,,,2
916817,2,,,2
916818,2,,,1
916819,2,,,2
916820,2,,,1
916822,2,,,3
916825,2,,,1
916826,2,,,1
916833,1,3000,,2
916838,2,,,1
916843,2,,,1
916851,2,,,1
916853,2,,,1
916856,2,,,1
916860,2,,,1
916876,2,,,1
916877,2,,,1
916887,2,,,1
916896,2,,,1
916902,2,,,1
916905,2,,,1
916911,2,,,1
916927,2,,,1
916929,2,,,1
916943,2,,,1
916944,2,,,1
916950,2,,,1
916952,2,,,1
916967,2,,,1
916971,2,,,1
916977,2,,,1
916980,2,,,1
916981,2,,,1
916983,2,,,1
916985,2,,,1
916989,2,,,1
916990,2,,,1
916991,2,,,1
916992,2,,,2
917021,2,,,2
917025,2,,,2
917027,2,,,3
917034,2,,,2
917035,2,,,2
917036,2,,,2
917038,2,,,2
917039,2,,,2
917040,2,,,2
917072,2,,,2
917073,2,,,2
917118,2,,,2
917151,2,,,2
917152,2,,,2
917158,2,,,4
917162,2,,,2
917165,2,,,1
917166,2,,,2
917172,2,,,1
917175,3,,4000,1
917187,2,,,2
917201,2,,,1
917205,3,,5000,1
917216,3,,1000,2
917218,2,,,2
917219,2,,,1
917221,2,,,1
917224,2,,,1
917225,2,,,1
917227,2,,,2
917247,2,,,1
917248,2,,,1
917251,2,,,1
917252,2,,,2
917253,2,,,2
917254,2,,,1
917258,2,,,1
917276,2,,,4
917291,2,,,1
917295,2,,,1
917296,2,,,1
917297,2,,,1
917298,2,,,1
917300,3,,10000,1
917301,2,,,2
917308,2,,,1
917342,2,,,1
917348,2,,,2
917349,4,,,4
917354,2,,,3
917356,3,,12000,4
917363,2,,,3
917373,2,,,3
917374,2,,,4
917375,2,,,2
917381,2,,,2
917384,2,,,1
917389,2,,,1
917390,2,,,1
917392,2,,,2
917396,2,,,1
917402,2,,,2
917403,2,,,2
917429,2,,,2
917430,2,,,2
917438,2,,,2
917440,2,,,2
917442,2,,,3
917444,2,,,2
917445,2,,,2
917449,2,,,2
917450,2,,,2
917451,2,,,2
917471,2,,,2
917476,2,,,2
917478,2,,,2
917479,2,,,2
917485,2,,,2
917486,2,,,2
917487,2,,,1
917491,2,,,1
917516,2,,,2
917517,2,,,2
917518,2,,,2
917519,2,,,2
917520,3,,1000,2
917521,2,,,2
917525,2,,,3
917529,2,,,3
917530,2,,,2
917535,2,,,2
917561,2,,,2
917564,2,,,1
917569,2,,,2
917570,2,,,1
917574,2,,,1
917577,2,,,2
917580,2,,,2
917610,2,,,1
917614,2,,,2
917616,2,,,1
917641,2,,,2
917643,2,,,2
917647,2,,,2
917651,2,,,2
917657,2,,,2
917660,2,,,1
917661,2,,,2
917663,2,,,2
917667,2,,,2
917689,2,,,2
917697,2,,,2
917699,2,,,2
917702,2,,,2
917704,2,,,2
917716,2,,,2
917718,2,,,2
917753,2,,,2
917754,2,,,1
917765,2,,,1
917766,2,,,2
917784,2,,,2
917787,2,,,2
917789,2,,,1
917794,2,,,2
917800,2,,,2
917802,2,,,4
917804,2,,,4
917836,2,,,1
917844,2,,,2
917846,2,,,2
917849,2,,,2
917851,2,,,2
917852,2,,,2
917873,2,,,2
917876,3,,14000,1
917884,3,,6000,1
917891,4,,,1
917893,2,,,2
917907,2,,,2
917916,3,,3000,1
917921,2,,,2
917922,3,,800,1
917926,2,,,1
917928,3,,6000,1
917930,2,,,2
917933,3,,4000,1
917934,3,,5000,1
917936,2,,,2
917937,2,,,2
917939,2,,,2
917942,2,,,1
917948,3,,700,4
917951,5,,,1
917962,3,,6000,4
917964,3,,5000,1
917969,2,,,1
917971,2,,,2
917973,2,,,1
917974,2,,,2
917975,2,,,4
917976,2,,,1
918014,2,,,2
918015,2,,,2
918016,2,,,2
918018,2,,,2
918019,2,,,2
918021,2,,,2
918059,2,,,2
918060,2,,,4
918063,2,,,2
918071,2,,,1
918072,2,,,2
918074,2,,,2
918075,2,,,1
918083,2,,,2
918084,2,,,1
918086,2,,,1
918092,2,,,1
918096,2,,,1
918104,2,,,2
918105,2,,,2
918106,2,,,2
918108,2,,,2
918109,2,,,2
918110,2,,,2
918111,2,,,2
918146,2,,,4
918148,2,,,2
918149,2,,,1
918153,2,,,2
918158,2,,,2
918159,2,,,1
918162,2,,,1
918192,2,,,2
918193,2,,,2
918194,2,,,2
918196,2,,,2
918197,2,,,2
918198,2,,,2
918199,2,,,2
918200,2,,,2
918201,2,,,2
918238,2,,,2
918242,2,,,1
918249,2,,,1
918251,2,,,2
918253,2,,,2
918254,2,,,2
918257,3,,6000,2
918264,2,,,2
918271,2,,,1
918274,2,,,2
918281,2,,,2
918282,2,,,1
918285,2,,,2
918286,2,,,2
918287,2,,,2
918288,2,,,2
918294,2,,,1
918296,3,,2000,3
918303,2,,,2
918326,2,,,1
918327,2,,,1
918328,2,,,2
918330,2,,,2
918331,3,,15000,1
918334,2,,,2
918335,2,,,2
918337,2,,,1
918340,2,,,1
918341,2,,,1
918344,2,,,2
918348,2,,,2
918353,2,,,2
918355,2,,,1
918360,2,,,1
918361,2,,,2
918363,3,,2000,1
918366,2,,,4
918372,3,,50,1
918377,2,,,1
918381,2,,,2
918382,2,,,2
918386,2,,,1
918387,1,50000,,1
918392,2,,,1
918396,2,,,2
918405,2,,,1
918410,2,,,2
918421,2,,,1
918426,2,,,1
918428,2,,,1
918430,2,,,1
918443,2,,,4
918449,2,,,2
918452,2,,,1
918455,2,,,2
918456,3,,1000,1
918457,2,,,1
918459,2,,,2
918464,3,,40000,4
918473,2,,,1
918475,2,,,2
918476,2,,,2
918482,2,,,1
918490,2,,,1
918503,4,,,1
918506,3,,15000,1
918510,2,,,1
918511,2,,,1
918517,2,,,2
918546,3,,6000,1
918561,3,,1000,2
918573,2,,,4
918576,2,,,2
918580,2,,,1
918590,3,,20000,2
918593,2,,,1
918596,2,,,2
918615,2,,,4
918616,1,12400,,3
918622,3,,14000,1
918626,2,,,1
918632,2,,,1
918633,2,,,1
918639,2,,,1
918648,2,,,1
918673,2,,,1
918674,2,,,1
918675,2,,,1
918679,2,,,1
918680,2,,,1
918684,2,,,1
918686,2,,,1
918694,3,,2000,1
918702,2,,,1
918720,2,,,2
918729,2,,,2
918730,2,,,2
918741,2,,,1
918746,2,,,1
918758,2,,,2
918761,2,,,1
918763,2,,,2
918768,2,,,1
918769,2,,,1
918771,2,,,2
918774,2,,,4
918775,2,,,1
918777,2,,,4
918778,3,,10000,2
918813,2,,,1
918815,2,,,4
918816,3,,12000,1
918820,2,,,1
918821,2,,,1
918822,2,,,1
918839,2,,,1
918851,2,,,1
918853,2,,,2
918854,2,,,2
918857,2,,,1
918860,2,,,2
918863,2,,,2
918869,2,,,1
918870,2,,,1
918891,2,,,1
918898,2,,,1
918905,2,,,1
918910,2,,,1
918917,2,,,2
918921,2,,,1
918922,2,,,1
918929,2,,,2
918930,2,,,2
918931,2,,,1
918936,2,,,1
918939,2,,,1
918940,2,,,1
918942,2,,,2
918946,2,,,2
918954,2,,,2
918956,2,,,2
918957,2,,,1
918958,2,,,2
918960,2,,,2
918964,2,,,1
918973,2,,,1
918986,2,,,2
918997,2,,,1
919002,2,,,2
919010,2,,,2
919031,2,,,1
919033,2,,,1
919039,2,,,1
919040,2,,,1
919041,2,,,4
919046,2,,,1
919051,2,,,4
919082,4,,,4
919089,3,,10000,2
919095,3,,5000,4
919097,2,,,1
919098,2,,,2
919100,2,,,2
919103,2,,,3
919108,2,,,4
919110,5,,,5
919112,2,,,2
919116,2,,,1
919121,2,,,4
919123,2,,,1
919126,4,,,4
919127,2,,,2
919129,4,,,4
919134,2,,,2
919136,2,,,2
919137,2,,,2
919139,2,,,3
919168,3,,500,1
919170,2,,,1
919190,2,,,1
919256,2,,,4
919257,2,,,1
919260,2,,,2
919264,2,,,2
919265,2,,,1
919271,2,,,1
919278,2,,,2
919286,2,,,1
919294,2,,,1
919295,2,,,2
919303,2,,,1
919311,2,,,2
919316,3,,12000,1
919318,2,,,2
919320,2,,,1
919324,2,,,1
919328,2,,,1
919333,2,,,1
919347,2,,,1
919349,2,,,2
919352,2,,,2
919353,2,,,2
919354,2,,,1
919357,2,,,2
919368,2,,,2
919370,2,,,1
919371,2,,,2
919374,2,,,1
919391,2,,,2
919393,2,,,1
919394,2,,,2
919397,2,,,2
919414,2,,,2
919417,2,,,1
919432,2,,,1
919438,3,,10000,1
919440,2,,,1
919442,2,,,1
919443,5,,,1
919444,3,,1000,1
919445,2,,,1
919446,2,,,1
919450,3,,5000,3
919451,3,,10000,1
919453,3,,10000,3
919460,3,,20000,3
919464,2,,,1
919482,3,,800,1
919487,3,,2000,3
919489,2,,,2
919492,2,,,2
919494,2,,,2
919500,2,,,3
919505,3,,10000,1
919516,3,,5000,1
919521,2,,,3
919525,2,,,1
919527,3,,2000,1
919529,2,,,1
919533,2,,,2
919536,2,,,1
919541,2,,,2
919547,2,,,2
919574,2,,,1
919576,3,,12000,1
919579,3,,9000,1
919581,3,,2000,1
919582,2,,,1
919585,3,,5000,1
919586,3,,4000,1
919588,3,,10000,3
919590,2,,,1
919617,2,,,1
919622,2,,,1
919631,2,,,2
919643,2,,,2
919665,2,,,1
919668,2,,,3
919673,2,,,1
919684,2,,,2
919685,2,,,1
919686,1,20000,,1
919706,2,,,1
919707,3,,1000,3
919710,3,,300,1
919711,2,,,2
919717,2,,,1
919723,2,,,2
919726,2,,,2
919727,2,,,2
919731,2,,,2
919733,2,,,2
919740,2,,,2
919741,2,,,2
919752,3,,8000,2
919757,2,,,1
919758,2,,,1
919759,1,70000,,2
919762,3,,3000,1
919766,2,,,2
919771,2,,,2
919774,2,,,1
919775,1,1000,,1
919777,2,,,2
919778,2,,,1
919793,2,,,1
919795,2,,,1
919799,2,,,4
919802,2,,,2
919808,2,,,2
919814,2,,,2
919828,3,,1000,4
919849,2,,,2
919851,2,,,1
919856,2,,,1
919866,2,,,2
919870,3,,2400,2
919871,2,,,1
919886,2,,,2
919901,2,,,4
919903,2,,,2
919920,2,,,2
919922,2,,,2
919923,2,,,4
919930,2,,,2
919937,2,,,5
919938,4,,,4
919939,2,,,4
919940,2,,,2
919941,2,,,2
919945,4,,,4
919947,4,,,5
919953,2,,,2
919955,2,,,2
919956,2,,,5
919957,2,,,2
919958,5,,,5
919961,5,,,5
919970,2,,,2
919972,2,,,2
919974,5,,,5
919979,2,,,1
919981,2,,,4
919985,2,,,1
919987,2,,,1
919990,2,,,1
919996,2,,,4
919997,2,,,1
919998,2,,,4
920010,2,,,1
920013,2,,,4
920022,2,,,2
920024,2,,,2
920027,2,,,2
920032,2,,,2
920041,2,,,2
920045,2,,,2
920069,2,,,2
920075,2,,,1
920080,2,,,1
920085,4,,,2
920118,2,,,2
920120,2,,,4
920123,2,,,2
920126,2,,,4
920127,2,,,4
920130,2,,,2
920133,2,,,2
920134,2,,,1
920140,2,,,2
920143,4,,,4
920148,2,,,4
920151,2,,,1
920152,4,,,4
920155,2,,,4
920159,3,,5000,3
920161,2,,,3
920171,3,,3500,2
920172,2,,,1
920173,3,,4000,1
920176,3,,3000,3
920177,4,,,3
920185,2,,,3
920187,3,,4000,3
920191,2,,,3
920197,4,,,3
920199,2,,,2
920202,2,,,3
920213,2,,,2
920214,2,,,2
920215,2,,,4
920218,2,,,1
920222,2,,,2
920225,2,,,2
920226,2,,,1
920229,2,,,2
920238,2,,,3
920239,2,,,4
920243,2,,,2
920246,3,,15000,2
920279,4,,,3
920289,2,,,4
920290,2,,,2
920291,2,,,1
920294,2,,,4
920295,2,,,1
920297,2,,,2
920303,2,,,1
920305,3,,1500,2
920306,2,,,2
920307,2,,,2
920308,2,,,2
920310,2,,,1
920312,2,,,2
920315,2,,,2
920317,2,,,1
920327,2,,,2
920332,2,,,2
920333,2,,,2
920341,2,,,4
920344,2,,,4
920353,2,,,2
920354,2,,,1
920358,2,,,2
920360,2,,,2
920361,2,,,1
920362,2,,,4
920368,2,,,2
920371,3,,4000,4
920375,2,,,3
920376,2,,,2
920377,2,,,4
920382,2,,,1
920385,2,,,1
920390,2,,,1
920392,2,,,1
920395,2,,,1
920397,2,,,1
920398,2,,,1
920400,2,,,1
920402,2,,,2
920407,4,,,4
920434,2,,,4
920435,2,,,2
920437,2,,,1
920438,2,,,1
920441,2,,,2
920445,2,,,1
920447,2,,,2
920449,2,,,2
920452,3,,5000,2
920455,2,,,1
920458,2,,,2
920469,2,,,4
920475,2,,,2
920490,2,,,1
920492,2,,,4
920493,2,,,2
920500,2,,,2
920502,2,,,3
920503,2,,,3
920505,2,,,2
920506,2,,,2
920510,2,,,4
920512,5,,,1
920514,2,,,2
920515,2,,,2
920521,2,,,1
920522,2,,,2
920523,3,,5000,2
920527,3,,500,1
920539,2,,,2
920559,2,,,2
920566,2,,,2
920569,2,,,2
920579,2,,,3
920599,2,,,4
920600,2,,,2
920617,2,,,1
920630,2,,,2
920632,2,,,1
920647,2,,,2
920648,3,,700,1
920654,2,,,4
920660,2,,,2
920668,2,,,2
920669,2,,,1
920682,2,,,2
920688,2,,,1
920689,2,,,1
920693,3,,5000,3
920709,2,,,3
920710,2,,,1
920715,2,,,1
920716,2,,,1
920730,2,,,1
920733,2,,,1
920738,2,,,1
920741,2,,,3
920743,2,,,1
920745,2,,,1
920747,2,,,1
920749,2,,,1
920752,2,,,1
920776,2,,,2
920778,2,,,4
920781,2,,,2
920784,5,,,5
920788,2,,,4
920794,3,,10000,4
920796,2,,,2
920801,2,,,2
920809,2,,,2
920810,2,,,2
920812,3,,500,2
920814,5,,,2
920815,2,,,2
920816,2,,,2
920817,2,,,2
920818,2,,,2
920819,2,,,2
920822,2,,,1
920825,2,,,4
920826,2,,,1
920827,2,,,4
920829,2,,,4
920839,2,,,2
920840,2,,,4
920842,2,,,2
920845,2,,,1
920847,2,,,2
920849,2,,,1
920855,2,,,4
920858,2,,,1
920864,2,,,2
920865,2,,,2
920866,2,,,2
920867,3,,8000,2
920868,2,,,2
920869,2,,,2
920871,2,,,2
920872,2,,,3
920874,2,,,3
920875,2,,,2
920911,2,,,1
920912,2,,,2
920913,2,,,1
920916,2,,,1
920922,2,,,1
920925,3,,500,1
920928,2,,,2
920933,2,,,1
920935,2,,,1
920937,2,,,1
920938,2,,,2
920942,2,,,3
920946,2,,,2
920948,2,,,2
920949,2,,,3
920951,3,,20000,1
920953,2,,,1
920955,2,,,4
920956,2,,,2
920960,2,,,2
920981,2,,,2
920988,2,,,2
921001,2,,,2
921003,2,,,2
921004,2,,,1
921005,3,,4000,1
921006,2,,,1
921008,2,,,1
921009,3,,5000,1
921010,2,,,2
921011,2,,,2
921047,2,,,2
921055,2,,,2
921057,2,,,2
921058,2,,,2
921070,2,,,2
921094,3,,4000,4
921099,3,,6000,3
921101,4,,,3
921102,2,,,3
921103,3,,3000,3
921104,2,,,3
921110,2,,,2
921113,5,,,4
921140,2,,,1
921147,2,,,1
921151,2,,,1
921152,2,,,2
921177,2,,,1
921179,4,,,4
921180,3,,600,4
921227,2,,,1
921229,2,,,2
921230,2,,,1
921234,2,,,2
921235,1,25000,,1
921238,1,3000,,2
921239,2,,,1
921240,2,,,2
921244,2,,,2
921246,4,,,4
921247,2,,,1
921254,4,,,1
921255,3,,10000,2
921269,2,,,4
921270,3,,5000,2
921272,2,,,4
921273,3,,4000,3
921275,2,,,3
921277,2,,,3
921278,3,,9000,3
921279,2,,,2
921281,2,,,4
921291,3,,20000,3
921299,2,,,2
921316,2,,,1
921319,2,,,2
921320,2,,,2
921321,3,,3000,1
921322,2,,,1
921323,2,,,2
921326,2,,,1
921333,2,,,2
921334,2,,,1
921336,2,,,2
921364,3,,3000,1
921365,2,,,1
921370,2,,,1
921373,2,,,2
921387,2,,,1
921388,2,,,3
921389,2,,,2
921391,2,,,1
921407,2,,,2
921410,2,,,3
921411,2,,,3
921412,2,,,2
921414,2,,,2
921424,2,,,3
921432,2,,,2
921452,2,,,2
921455,2,,,1
921471,3,,1000,3
921473,2,,,1
921476,2,,,1
921510,2,,,3
921511,2,,,2
921523,2,,,2
921526,2,,,3
921527,2,,,3
921537,2,,,3
921541,2,,,2
921543,2,,,3
921549,2,,,4
921552,2,,,3
921554,2,,,3
921560,2,,,4
921561,2,,,3
921569,2,,,3
921594,2,,,2
921595,2,,,2
921596,2,,,3
921603,2,,,3
921623,2,,,3
921636,2,,,1
921639,3,,12000,4
921646,2,,,1
921657,2,,,1
921666,3,,8000,4
921668,3,,10000,1
921671,2,,,2
921676,2,,,2
921679,2,,,2
921680,2,,,2
921681,2,,,3
921687,3,,8000,3
921691,2,,,2
921694,2,,,1
921701,3,,5000,2
921704,2,,,2
921717,2,,,2
921718,2,,,3
921721,2,,,3
921723,2,,,2
921728,2,,,1
921730,2,,,4
921733,2,,,3
921737,2,,,2
921740,2,,,2
921742,2,,,3
921743,2,,,3
921750,2,,,3
921752,2,,,2
921755,2,,,3
921758,2,,,3
921761,2,,,3
921766,2,,,3
921773,2,,,1
921777,2,,,2
921780,2,,,3
921784,2,,,1
921785,2,,,4
921789,2,,,2
921792,2,,,3
921800,2,,,3
921804,2,,,2
921805,2,,,4
921806,2,,,2
921807,2,,,3
921809,2,,,2
921810,2,,,3
921817,2,,,1
921827,2,,,2
921828,2,,,2
921830,2,,,2
921834,2,,,2
921837,2,,,2
921840,2,,,1
921851,2,,,1
921860,2,,,2
921862,2,,,4
921863,2,,,4
921865,2,,,2
921869,4,,,4
921871,3,,600,2
921872,2,,,2
921881,2,,,1
921882,2,,,2
921885,2,,,2
921886,2,,,2
921887,2,,,2
921897,2,,,2
921904,2,,,2
921905,2,,,1
921910,2,,,2
921912,2,,,2
921914,2,,,1
921917,2,,,1
921922,2,,,2
921926,3,,9000,2
921928,2,,,1
921929,2,,,2
921935,2,,,2
921939,2,,,2
921955,2,,,2
921960,2,,,2
921969,2,,,2
921978,2,,,2
921985,2,,,3
921987,2,,,3
921990,2,,,2
922007,2,,,2
922022,2,,,2
922112,2,,,3
922117,2,,,3
922122,2,,,3
922125,2,,,2
922126,2,,,3
922128,2,,,2
922157,2,,,3
922159,2,,,2
922162,2,,,2
922164,2,,,4
922167,3,,500,2
922181,2,,,4
922185,3,,5000,4
922191,3,,3000,4
922198,2,,,4
922204,2,,,5
922208,3,,500,1
922210,4,,,4
922235,2,,,1
922237,3,,6000,3
922240,2,,,3
922247,2,,,1
922248,2,,,2
922255,2,,,1
922256,2,,,1
922257,2,,,1
922258,2,,,1
922265,2,,,1
922267,2,,,1
922277,4,,,1
922278,2,,,1
922280,2,,,1
922281,2,,,1
922283,2,,,1
922285,2,,,1
922287,2,,,1
922288,4,,,1
922290,2,,,4
922291,2,,,3
922293,2,,,3
922296,2,,,3
922298,2,,,3
922299,2,,,3
922304,2,,,2
922306,2,,,3
922311,2,,,3
922336,2,,,2
922338,3,,1600,3
922343,2,,,3
922344,2,,,1
922348,2,,,3
922350,2,,,3
922352,2,,,4
922353,2,,,2
922354,2,,,3
922357,2,,,2
922363,2,,,3
922367,2,,,2
922371,2,,,2
922373,2,,,3
922376,2,,,3
922378,2,,,3
922380,2,,,3
922385,4,,,1
922386,2,,,4
922393,2,,,2
922406,4,,,4
922412,3,,7000,1
922415,2,,,4
922416,2,,,1
922418,4,,,1
922428,3,,200,2
922429,2,,,2
922432,2,,,3
922434,2,,,3
922435,2,,,3
922440,2,,,3
922449,2,,,3
922450,2,,,2
922475,2,,,1
922476,2,,,1
922477,2,,,2
922478,2,,,1
922480,3,,10000,1
922481,2,,,1
922486,2,,,1
922487,2,,,2
922493,3,,6000,1
922496,2,,,1
922504,2,,,1
922506,2,,,1
922508,2,,,2
922516,2,,,1
922517,2,,,1
922521,2,,,1
922524,2,,,1
922527,2,,,1
922535,2,,,1
922536,2,,,2
922537,2,,,1
922563,2,,,1
922564,2,,,1
922565,2,,,1
922566,3,,360,1
922567,2,,,1
922568,2,,,1
922569,2,,,1
922572,2,,,1
922578,2,,,1
922581,2,,,1
922588,3,,6000,1
922589,2,,,1
922616,2,,,1
922617,2,,,1
922622,2,,,2
922624,2,,,2
922628,2,,,2
922629,2,,,1
922635,2,,,4
922636,2,,,1
922638,2,,,1
922640,2,,,1
922646,2,,,1
922648,2,,,2
922651,3,,10000,1
922657,3,,10000,1
922661,2,,,1
922671,2,,,1
922672,2,,,1
922677,2,,,1
922681,3,,10000,1
922692,2,,,1
922706,2,,,4
922708,2,,,1
922711,5,,,4
922714,2,,,1
922719,5,,,5
922723,2,,,1
922724,2,,,4
922725,2,,,1
922726,2,,,3
922752,2,,,1
922757,2,,,1
922758,2,,,1
922761,2,,,2
922763,2,,,4
922769,2,,,1
922781,2,,,1
922796,2,,,4
922800,2,,,1
922803,2,,,4
922805,2,,,1
922814,4,,,1
922816,2,,,4
922821,2,,,1
922845,2,,,1
922846,2,,,2
922849,2,,,2
922852,2,,,1
922866,2,,,1
922872,2,,,2
922873,2,,,1
922875,2,,,1
922888,2,,,5
922891,2,,,2
922892,2,,,1
922894,3,,7020,1
922898,2,,,1
922903,2,,,1
922905,2,,,1
922935,2,,,2
922941,2,,,2
922981,2,,,1
922985,3,,15000,1
922987,3,,1500,1
922994,2,,,1
922998,2,,,1
922999,2,,,1
923002,2,,,3
923012,2,,,1
923033,2,,,2
923034,2,,,2
923041,2,,,2
923076,4,,,4
923079,2,,,2
923081,2,,,2
923082,2,,,4
923083,2,,,4
923084,2,,,2
923085,2,,,2
923123,4,,,4
923124,2,,,4
923126,4,,,4
923127,2,,,4
923129,2,,,2
923130,4,,,4
923131,2,,,2
923138,2,,,2
923166,3,,30000,1
923167,3,,2000,1
923168,3,,1600,1
923172,3,,12000,1
923174,3,,40000,1
923180,3,,1500,1
923188,2,,,2
923190,4,,,2
923196,2,,,2
923203,2,,,2
923204,2,,,2
923209,2,,,2
923211,3,,10000,1
923212,3,,30000,1
923213,3,,1000,1
923217,3,,10000,1
923219,3,,1000,2
923220,3,,8000,1
923221,3,,7000,3
923222,3,,1000,3
923225,3,,1000,1
923226,3,,1700,4
923227,3,,1500,3
923229,3,,1000,3
923258,2,,,1
923261,2,,,4
923266,2,,,1
923284,2,,,2
923289,2,,,2
923299,2,,,2
923304,2,,,3
923305,2,,,3
923306,3,,3000,3
923309,4,,,4
923310,2,,,2
923318,2,,,3
923322,4,,,2
923327,3,,2000,2
923346,3,,400,3
923350,2,,,3
923351,2,,,3
923354,2,,,3
923355,4,,,4
923394,2,,,2
923397,2,,,2
923399,2,,,2
923402,4,,,3
923404,2,,,2
923405,2,,,2
923406,2,,,2
923407,2,,,2
923409,2,,,2
923414,2,,,3
923416,2,,,2
923418,2,,,5
923419,2,,,2
923421,2,,,2
923422,2,,,2
923423,2,,,2
923430,2,,,3
923436,4,,,4
923437,4,,,4
923438,2,,,2
923439,2,,,1
923441,2,,,2
923442,2,,,1
923443,3,,12000,1
923444,3,,1000,1
923446,4,,,4
923447,3,,2000,4
923482,2,,,1
923485,2,,,4
923489,2,,,1
923490,2,,,2
923491,2,,,2
923494,4,,,5
923496,2,,,4
923497,4,,,3
923498,4,,,3
923500,4,,,1
923501,3,,6000,1
923526,2,,,4
923530,2,,,1
923531,3,,8000,1
923532,2,,,1
923533,4,,,1
923534,2,,,1
923535,2,,,1
923541,3,,5000,1
923542,2,,,1
923574,2,,,2
923576,2,,,2
923577,2,,,2
923578,2,,,1
923580,2,,,2
923581,2,,,2
923583,2,,,2
923588,2,,,2
923624,2,,,4
923630,2,,,2
923635,2,,,2
923636,2,,,2
923639,2,,,1
923640,2,,,4
923642,2,,,2
923643,2,,,1
923645,2,,,4
923646,2,,,4
923647,2,,,2
923648,2,,,2
923649,2,,,2
923653,2,,,4
923654,2,,,1
923655,2,,,1
923657,4,,,4
923659,2,,,2
923660,2,,,1
923664,2,,,2
923677,2,,,2
923709,2,,,1
923711,2,,,2
923712,2,,,2
923729,2,,,2
923739,2,,,1
923741,5,,,5
923742,2,,,1
923746,2,,,1
923749,2,,,1
923750,2,,,1
923796,2,,,2
923801,2,,,4
923804,2,,,1
923805,2,,,2
923808,2,,,1
923809,2,,,4
923811,2,,,4
923818,4,,,4
923824,4,,,4
923833,2,,,1
923834,2,,,1
923835,2,,,1
923836,2,,,2
923837,2,,,2
923838,2,,,2
923844,2,,,4
923846,2,,,4
923850,2,,,2
923851,2,,,1
923853,2,,,1
923859,2,,,3
923861,2,,,4
923870,2,,,1
923873,2,,,1
923874,2,,,2
923881,2,,,2
923883,2,,,2
923887,2,,,2
923888,2,,,2
923891,2,,,2
923893,2,,,2
923895,2,,,2
923899,2,,,2
923900,2,,,2
923903,2,,,1
923907,2,,,2
923911,2,,,4
923912,2,,,2
923916,2,,,4
923919,4,,,4
923935,4,,,4
923940,4,,,5
923959,2,,,2
923976,2,,,1
923977,3,,600,4
923978,4,,,4
923984,2,,,4
923987,2,,,2
923990,2,,,4
923991,4,,,4
923994,2,,,3
923999,2,,,4
924001,4,,,4
924005,2,,,2
924011,2,,,2
924013,2,,,2
924014,4,,,4
924016,2,,,2
924017,4,,,4
924020,2,,,2
924026,2,,,1
924029,2,,,2
924034,3,,3000,4
924035,2,,,2
924036,2,,,2
924041,2,,,1
924045,2,,,2
924068,2,,,2
924069,2,,,1
924070,2,,,2
924071,3,,10000,2
924072,2,,,2
924081,3,,4800,1
924082,2,,,1
924083,2,,,2
924087,2,,,1
924088,3,,7000,2
924093,2,,,1
924101,2,,,2
924106,3,,4000,1
924116,2,,,4
924120,3,,3000,3
924121,3,,5000,4
924122,2,,,2
924123,3,,10000,4
924126,2,,,3
924127,2,,,2
924134,2,,,2
924140,2,,,2
924141,2,,,4
924143,3,,350,4
924156,5,,,4
924161,4,,,2
924162,5,,,5
924169,4,,,4
924171,4,,,4
924173,3,,200,4
924176,2,,,4
924204,2,,,2
924205,2,,,4
924206,2,,,2
924207,2,,,2
924208,2,,,1
924212,2,,,2
924213,2,,,2
924215,2,,,4
924219,2,,,1
924221,2,,,1
924225,5,,,4
924226,2,,,3
924229,2,,,3
924238,2,,,3
924248,2,,,1
924255,2,,,2
924261,2,,,4
924264,2,,,4
924269,2,,,1
924271,4,,,4
924279,2,,,4
924280,2,,,4
924281,4,,,4
924287,2,,,4
924288,2,,,1
924289,2,,,1
924290,2,,,1
924291,2,,,4
924292,2,,,1
924294,2,,,1
924301,2,,,1
924304,2,,,1
924310,2,,,4
924312,2,,,2
924319,2,,,4
924322,4,,,4
924323,2,,,4
924324,2,,,1
924326,2,,,4
924327,2,,,1
924331,2,,,1
924337,2,,,2
924340,2,,,2
924350,2,,,2
924361,2,,,2
924364,2,,,2
924366,3,,3000,2
924382,4,,,4
924388,2,,,2
924400,3,,10000,4
924401,2,,,2
924416,2,,,2
924422,4,,,1
924423,2,,,2
924426,3,,700,1
924471,2,,,3
924482,2,,,3
924483,2,,,2
924492,2,,,2
924498,2,,,2
924499,2,,,1
924501,2,,,2
924509,2,,,2
924513,2,,,2
924516,2,,,2
924522,2,,,2
924523,2,,,3
924524,2,,,2
924525,3,,9600,2
924535,2,,,3
924537,2,,,1
924539,2,,,3
924546,3,,5000,3
924557,2,,,2
924562,2,,,2
924567,2,,,1
924572,2,,,1
924575,2,,,1
924577,2,,,1
924580,2,,,1
924581,2,,,1
924583,2,,,1
924606,2,,,2
924610,4,,,4
924611,2,,,1
924612,2,,,1
924617,4,,,2
924618,2,,,2
924619,4,,,4
924622,4,,,1
924623,5,,,2
924625,2,,,1
924651,2,,,1
924652,2,,,1
924653,2,,,1
924654,3,,350,1
924656,3,,200,1
924663,2,,,2
924669,3,,2000,1
924671,2,,,2
924676,3,,700,1
924677,3,,4500,1
924682,2,,,2
924685,2,,,1
924687,2,,,2
924695,3,,700,2
924696,2,,,1
924698,2,,,1
924699,4,,,4
924700,5,,,1
924701,2,,,4
924705,4,,,4
924706,2,,,3
924708,4,,,4
924709,2,,,3
924710,2,,,1
924741,4,,,4
924746,2,,,1
924748,2,,,2
924749,2,,,3
924756,2,,,1
924759,2,,,1
924765,2,,,1
924789,2,,,1
924790,2,,,1
924791,2,,,1
924793,2,,,1
924794,2,,,1
924795,3,,200,4
924796,2,,,2
924799,2,,,1
924800,4,,,4
924833,2,,,3
924834,2,,,2
924836,2,,,2
924838,2,,,2
924840,2,,,2
924841,2,,,2
924842,2,,,2
924843,2,,,2
924844,2,,,2
924846,2,,,4
924847,2,,,4
924894,4,,,4
924899,2,,,2
924902,2,,,2
924904,2,,,2
924936,2,,,3
924937,2,,,2
924939,4,,,4
924940,2,,,4
924979,2,,,4
924983,2,,,1
924991,2,,,4
924992,2,,,2
925009,2,,,4
925011,2,,,1
925015,2,,,2
925021,3,,1000,1
925022,3,,1000,1
925024,5,,,2
925025,3,,1000,1
925026,2,,,1
925027,2,,,1
925028,3,,1000,1
925029,2,,,1
925030,3,,1000,1
925068,2,,,1
925070,2,,,4
925072,1,200,,4
925074,3,,6000,2
925083,2,,,1
925099,2,,,2
925106,2,,,2
925111,4,,,1
925112,3,,1500,1
925113,4,,,4
925114,3,,2000,1
925115,3,,6000,1
925116,4,,,4
925117,3,,1500,1
925118,2,,,1
925120,3,,1000,1
925121,3,,1000,1
925164,2,,,4
925170,2,,,1
925179,2,,,2
925201,2,,,2
925202,3,,300,2
925204,3,,20000,3
925206,2,,,2
925207,2,,,2
925209,3,,300,2
925211,2,,,2
925212,3,,800,2
925213,2,,,2
925216,2,,,2
925223,2,,,2
925224,2,,,2
925226,3,,10000,2
925228,3,,10000,2
925229,2,,,2
925243,2,,,3
925246,2,,,1
925250,3,,1000,3
925253,2,,,4
925254,2,,,4
925261,2,,,2
925270,2,,,3
925276,2,,,2
925281,3,,500,2
925284,2,,,2
925291,4,,,4
925312,2,,,2
925316,3,,500,2
925322,3,,1000,4
925328,2,,,2
925331,3,,800,2
925334,2,,,2
925337,2,,,1
925341,2,,,2
925342,2,,,2
925346,2,,,2
925347,2,,,2
925348,2,,,2
925351,2,,,2
925355,2,,,2
925359,2,,,2
925360,2,,,2
925362,2,,,2
925363,2,,,2
925365,2,,,2
925367,2,,,1
925368,3,,12000,2
925373,2,,,2
925377,2,,,2
925381,4,,,4
925382,4,,,5
925383,4,,,4
925390,4,,,4
925392,2,,,5
925394,4,,,3
925399,5,,,4
925403,4,,,4
925426,5,,,5
925429,4,,,5
925430,5,,,5
925435,4,,,5
925436,4,,,4
925437,4,,,4
925439,4,,,5
925441,5,,,5
925442,2,,,1
925444,2,,,4
925446,5,,,5
925449,2,,,2
925450,2,,,2
925452,4,,,5
925453,3,,300,3
925456,4,,,1
925457,3,,1000,4
925459,4,,,4
925461,4,,,4
925463,5,,,4
925464,2,,,1
925466,2,,,2
925468,4,,,5
925469,2,,,1
925478,2,,,2
925479,3,,1000,1
925480,4,,,4
925482,4,,,4
925484,2,,,2
925485,3,,300,4
925487,2,,,1
925488,2,,,2
925489,2,,,1
925491,3,,500,4
925493,2,,,1
925496,3,,1000,4
925501,2,,,2
925502,2,,,1
925503,3,,4200,1
925508,2,,,1
925510,2,,,1
925515,2,,,2
925518,4,,,5
925521,4,,,4
925525,5,,,4
925526,5,,,5
925533,4,,,4
925538,4,,,4
925540,3,,25000,2
925541,4,,,5
925543,4,,,4
925547,4,,,3
925548,3,,500,2
925549,3,,300,3
925555,3,,400,4
925562,3,,50,4
925564,4,,,4
925567,2,,,2
925577,2,,,1
925578,4,,,4
925579,2,,,1
925591,3,,3000,4
925735,2,,,2
925743,2,,,2
925744,2,,,2
925747,2,,,3
925752,2,,,2
925757,2,,,2
925758,2,,,3
925759,2,,,3
925761,2,,,2
925763,2,,,3
925764,2,,,3
925772,2,,,3
925774,2,,,3
925775,2,,,3
925776,2,,,3
925777,2,,,3
925778,2,,,3
925781,2,,,2
925820,2,,,3
925822,2,,,2
925823,3,,3500,2
925824,2,,,3
925827,2,,,3
925828,2,,,2
925829,2,,,3
925831,3,,5000,2
925835,2,,,2
925861,2,,,1
925862,2,,,4
925863,2,,,4
925866,2,,,2
925868,2,,,1
925871,2,,,4
925880,2,,,2
925893,2,,,1
925895,2,,,1
925897,2,,,1
925902,2,,,1
925905,2,,,1
925910,2,,,1
925918,2,,,1
925953,2,,,1
925955,2,,,1
925956,2,,,1
925965,2,,,1
925970,2,,,1
925973,2,,,1
926000,2,,,1
926001,2,,,1
926002,2,,,1
926003,2,,,1
926004,2,,,2
926005,2,,,1
926007,2,,,1
926010,2,,,2
926041,2,,,1
926044,2,,,1
926045,2,,,1
926046,2,,,1
926048,2,,,1
926049,2,,,1
926056,2,,,1
926057,2,,,1
926058,2,,,1
926059,2,,,1
926092,3,,5000,1
926095,2,,,1
926099,2,,,1
926101,2,,,1
926105,2,,,1
926106,2,,,2
926137,2,,,2
926138,3,,100,2
926179,2,,,2
926184,2,,,2
926186,2,,,2
926188,2,,,2
926192,2,,,2
926224,2,,,2
926225,2,,,2
926228,2,,,2
926269,2,,,2
926273,3,,1000,2
926274,2,,,2
926276,2,,,2
926278,2,,,2
926279,2,,,2
926290,2,,,2
926311,2,,,2
926312,2,,,2
926315,2,,,2
926317,2,,,2
926318,2,,,2
926331,2,,,2
926361,2,,,2
926363,2,,,2
926365,2,,,2
926383,3,,20000,2
926401,2,,,1
926403,2,,,1
926404,2,,,1
926405,2,,,1
926406,2,,,1
926413,2,,,1
926415,2,,,1
926416,2,,,1
926421,2,,,1
926423,2,,,1
926424,2,,,1
926448,3,,4000,1
926449,2,,,2
926460,2,,,1
926461,2,,,2
926464,2,,,1
926468,2,,,2
926471,2,,,2
926474,2,,,2
926493,2,,,2
926503,2,,,4
926510,2,,,1
926513,2,,,3
926514,2,,,4
926524,2,,,2
926531,3,,1000,4
926533,2,,,5
926535,2,,,2
926537,2,,,1
926539,2,,,1
926542,2,,,1
926544,2,,,1
926545,2,,,1
926549,2,,,1
926554,2,,,1
926556,2,,,1
926581,3,,2000,2
926585,2,,,3
926590,2,,,3
926599,2,,,2
926628,3,,500,1
926633,4,,,1
926639,3,,500,4
926642,4,,,4
926645,2,,,2
926650,4,,,4
926652,4,,,4
926669,2,,,4
926674,2,,,3
926676,3,,10000,3
926677,2,,,2
926681,2,,,2
926691,2,,,3
926693,2,,,2
926711,2,,,2
926714,2,,,2
926715,2,,,2
926719,2,,,1
926723,2,,,1
926764,2,,,1
926765,2,,,1
926769,2,,,1
926780,2,,,1
926808,3,,800,3
926812,2,,,2
926813,2,,,2
926816,2,,,2
926818,2,,,3
926820,2,,,2
926822,2,,,2
926823,2,,,2
926849,2,,,2
926851,2,,,2
926852,2,,,2
926856,2,,,2
926857,2,,,3
926858,2,,,2
926859,2,,,2
926860,2,,,2
926861,2,,,1
926864,2,,,2
926868,2,,,3
926870,2,,,2
926896,2,,,2
926901,2,,,2
926902,3,,70,3
926904,2,,,2
926908,2,,,2
926909,2,,,2
926920,3,,10000,1
926921,2,,,2
926924,3,,300,1
926941,2,,,2
926942,2,,,4
926943,2,,,1
926945,2,,,1
926948,2,,,1
926950,3,,13000,2
926952,2,,,1
926956,2,,,1
926966,2,,,1
926972,2,,,1
926973,1,4800,,1
926992,3,,3000,2
926994,2,,,1
926997,2,,,1
926998,2,,,4
927002,2,,,2
927008,2,,,1
927014,2,,,1
927023,2,,,2
927026,3,,5000,1
927032,2,,,2
927033,2,,,2
927034,2,,,3
927035,2,,,2
927038,2,,,2
927046,2,,,1
927056,2,,,2
927060,2,,,1
927062,2,,,2
927076,2,,,1
927083,2,,,1
927092,2,,,2
927096,2,,,2
927097,2,,,2
927101,2,,,2
927108,2,,,2
927109,2,,,3
927111,2,,,2
927117,2,,,2
927121,4,,,2
927123,2,,,2
927125,4,,,4
927127,4,,,4
927128,4,,,4
927130,4,,,4
927131,5,,,5
927133,2,,,2
927168,2,,,2
927175,2,,,2
927180,2,,,2
927183,2,,,2
927185,2,,,2
927186,2,,,2
927187,2,,,2
927189,2,,,2
927196,2,,,2
927212,2,,,1
927213,2,,,1
927216,2,,,1
927217,2,,,1
927219,2,,,1
927220,2,,,1
927224,2,,,1
927234,2,,,1
927247,2,,,1
927250,2,,,1
927254,2,,,1
927258,2,,,1
927260,2,,,1
927263,2,,,1
927264,2,,,1
927267,2,,,1
927269,2,,,1
927272,2,,,1
927344,2,,,1
927354,3,,7000,1
927356,3,,1000,2
927359,2,,,1
927360,2,,,2
927362,2,,,2
927364,2,,,1
927365,2,,,2
927373,2,,,1
927379,2,,,4
927381,3,,5000,1
927382,4,,,4
927385,2,,,1
927389,2,,,1
927392,2,,,1
927399,2,,,2
927410,2,,,1
927413,2,,,2
927427,2,,,1
927432,2,,,1
927433,2,,,2
927434,2,,,1
927439,3,,2000,4
927441,3,,2000,4
927473,2,,,2
927507,2,,,1
927530,2,,,4
927532,2,,,2
927534,2,,,2
927536,2,,,4
927537,2,,,2
927538,4,,,4
927579,3,,1000,1
927581,3,,500,1
927602,3,,1000,1
927609,3,,2000,3
927614,3,,1000,3
927621,2,,,2
927630,2,,,2
927631,2,,,1
927632,3,,10000,1
927641,2,,,2
927645,2,,,2
927647,2,,,2
927654,2,,,2
927657,2,,,3
927669,2,,,2
927673,2,,,2
927678,2,,,2
927679,2,,,3
927686,2,,,2
927687,2,,,1
927688,2,,,2
927690,2,,,3
927693,2,,,3
927696,5,,,4
927704,2,,,2
927707,2,,,2
927709,2,,,2
927712,2,,,2
927713,2,,,2
927716,2,,,2
927721,2,,,2
927730,2,,,2
927747,2,,,2
927761,2,,,2
927763,2,,,2
927768,5,,,3
927769,2,,,2
927773,2,,,3
927779,2,,,2
927791,2,,,2
927796,2,,,2
927798,2,,,2
927800,2,,,2
927802,2,,,2
927805,2,,,2
927806,2,,,2
927814,2,,,2
927815,2,,,2
927818,2,,,1
927836,2,,,2
927841,2,,,2
927843,2,,,2
927844,2,,,2
927851,2,,,2
927854,2,,,2
927857,2,,,2
927858,2,,,2
927866,2,,,2
927871,2,,,2
927880,2,,,2
927882,2,,,1
927890,2,,,2
927891,2,,,2
927898,2,,,2
927902,2,,,2
927908,2,,,2
927910,2,,,2
927913,2,,,2
927917,2,,,2
927924,2,,,2
927925,2,,,2
927928,2,,,2
927932,2,,,2
927933,2,,,2
927937,2,,,2
927941,2,,,2
927942,2,,,2
927944,2,,,2
927946,2,,,2
927947,2,,,2
927977,2,,,2
927983,2,,,2
927985,2,,,2
927986,2,,,2
927988,2,,,1
927990,2,,,1
927992,2,,,1
927993,2,,,2
927994,2,,,1
928007,2,,,1
928008,2,,,1
928015,2,,,2
928018,2,,,1
928021,2,,,2
928023,2,,,2
928025,2,,,4
928027,2,,,1
928029,2,,,2
928034,2,,,2
928035,2,,,2
928037,2,,,2
928041,2,,,1
928044,2,,,1
928068,2,,,1
928070,4,,,1
928076,2,,,2
928078,2,,,1
928079,2,,,1
928080,3,,1000,1
928081,2,,,3
928082,2,,,1
928084,2,,,1
928085,2,,,2
928111,2,,,4
928114,2,,,1
928116,2,,,2
928117,2,,,1
928118,2,,,1
928119,2,,,1
928121,2,,,2
928156,2,,,2
928158,2,,,2
928161,2,,,4
928162,2,,,2
928167,2,,,4
928171,3,,3000,4
928173,3,,2000,4
928174,2,,,2
928178,3,,3000,4
928179,2,,,2
928184,2,,,2
928185,3,,4000,4
928200,2,,,2
928201,2,,,4
928203,3,,3000,1
928204,3,,3000,1
928209,5,,,4
928212,2,,,4
928213,2,,,2
928214,2,,,1
928224,2,,,1
928229,3,,2000,1
928234,2,,,1
928244,2,,,2
928246,2,,,2
928250,3,,4000,2
928253,2,,,2
928254,2,,,2
928256,3,,5000,2
928258,2,,,4
928261,2,,,3
928267,2,,,2
928277,2,,,5
928291,2,,,1
928293,3,,3000,1
928296,2,,,2
928303,2,,,2
928305,2,,,2
928310,2,,,2
928312,3,,800,1
928314,2,,,2
928316,2,,,4
928322,2,,,2
928334,2,,,2
928336,2,,,1
928337,2,,,3
928338,2,,,4
928339,2,,,1
928340,2,,,1
928341,3,,6000,4
928342,2,,,2
928358,2,,,2
928359,2,,,2
928363,2,,,2
928366,3,,1000,2
928370,2,,,1
928391,2,,,1
928392,4,,,4
928394,2,,,1
928414,2,,,2
928436,3,,13000,1
928439,3,,1000,2
928450,2,,,1
928472,2,,,1
928473,2,,,3
928474,2,,,2
928477,3,,50,2
928483,2,,,4
928497,2,,,1
928498,2,,,2
928499,1,10000,,1
928500,2,,,1
928501,2,,,1
928502,1,5500,,1
928503,3,,20000,3
928504,2,,,2
928505,2,,,2
928506,3,,250,3
928507,3,,3500,1
928508,2,,,1
928509,2,,,2
928510,4,,,4
928511,3,,11000,1
928512,2,,,2
928513,2,,,2
928514,2,,,2
928515,3,,20000,1
